Cycle Nr.,Temp. [¡C],A1,Time [ms],A2,Time [ms],A3,Time [ms],A4,Time [ms],A5,Time [ms],A6,Time [ms],A7,Time [ms],A8,Time [ms],A9,Time [ms],A10,Time [ms],A11,Time [ms],A12,Time [ms],B1,Time [ms],B2,Time [ms],B3,Time [ms],B4,Time [ms],B5,Time [ms],B6,Time [ms],B7,Time [ms],B8,Time [ms],B9,Time [ms],B10,Time [ms],B11,Time [ms],B12,Time [ms],C1,Time [ms],C2,Time [ms],C3,Time [ms],C4,Time [ms],C5,Time [ms],C6,Time [ms],C7,Time [ms],C8,Time [ms],C9,Time [ms],C10,Time [ms],C11,Time [ms],C12,Time [ms],D1,Time [ms],D2,Time [ms],D3,Time [ms],D4,Time [ms],D5,Time [ms],D6,Time [ms],D7,Time [ms],D8,Time [ms],D9,Time [ms],D10,Time [ms],D11,Time [ms],D12,Time [ms],E1,Time [ms],E2,Time [ms],E3,Time [ms],E4,Time [ms],E5,Time [ms],E6,Time [ms],E7,Time [ms],E8,Time [ms],E9,Time [ms],E10,Time [ms],E11,Time [ms],E12,Time [ms],F1,Time [ms],F2,Time [ms],F3,Time [ms],F4,Time [ms],F5,Time [ms],F6,Time [ms],F7,Time [ms],F8,Time [ms],F9,Time [ms],F10,Time [ms],F11,Time [ms],F12,Time [ms],G1,Time [ms],G2,Time [ms],G3,Time [ms],G4,Time [ms],G5,Time [ms],G6,Time [ms],G7,Time [ms],G8,Time [ms],G9,Time [ms],G10,Time [ms],G11,Time [ms],G12,Time [ms],H1,Time [ms],H2,Time [ms],H3,Time [ms],H4,Time [ms],H5,Time [ms],H6,Time [ms],H7,Time [ms],H8,Time [ms],H9,Time [ms],H10,Time [ms],H11,Time [ms],H12,Time [ms]
1,37.4,0.0394,0,0.0395,200,0.0397,400,0.0399,600,0.0398,800,0.0393,1001,0.0397,1201,0.0395,1401,0.0395,1601,0.0396,1801,0.0394,2001,0.0394,2201,0.0393,4706,0.0451,4506,0.943,4306,0.937,4106,0.9511,3906,0.9596,3706,0.9621,3505,0.973,3305,0.9686,3105,0.9787,2905,0.0393,2705,0.0395,2505,0.0391,5014,0.0403,5214,0.9933,5414,0.9811,5614,0.9942,5814,0.0396,6014,0.0394,6214,0.0393,6414,0.0398,6614,0.87,6814,0.0394,7015,0.0394,7215,0.0394,9720,0.04,9520,0.9767,9320,0.9624,9120,0.9566,8920,0.9588,8720,0.9559,8520,0.9486,8320,0.9555,8120,0.9492,7920,0.0393,7720,0.0394,7520,0.0393,10024,0.0395,10224,0.9528,10424,0.968,10624,0.9637,10824,0.4257,11024,0.0393,11224,0.0394,11424,0.0392,11624,0.0394,11824,0.0393,12024,0.0394,12224,0.0393,14730,0.04,14530,0.9453,14330,0.9673,14130,0.9606,13930,1.0091,13730,0.979,13530,1.0027,13329,0.0394,13129,0.0394,12929,0.0407,12729,0.0394,12529,0.0394,15035,0.0402,15235,0.9652,15435,0.9936,15635,0.0343,15835,1.6333,16035,0.8662,16235,0.0396,16435,0.0392,16635,0.0394,16835,0.0394,17036,0.0394,17236,0.0393,19742,0.0395,19542,0.0391,19342,0.0439,19142,0.0386,18942,0.0392,18742,0.0382,18542,0.0384,18342,0.039,18142,0.0395,17942,0.0394,17742,0.039,17542
2,37.9,0.0394,60017,0.0395,60218,0.0397,60419,0.0399,60620,0.0398,60821,0.0393,61022,0.0397,61223,0.0395,61424,0.0395,61625,0.0396,61826,0.0395,62027,0.0394,62228,0.0393,64748,0.0452,64547,0.936,64346,0.9291,64145,0.9439,63944,0.9553,63743,0.9541,63542,0.9568,63341,0.9671,63140,0.9786,62939,0.0393,62738,0.0395,62537,0.0392,65057,0.0404,65258,0.9858,65459,0.9722,65660,0.9917,65861,0.0396,66062,0.0395,66263,0.0394,66464,0.0398,66665,0.8726,66866,0.0394,67067,0.0394,67268,0.0395,69789,0.0402,69588,0.9452,69387,0.9424,69186,0.9442,68985,0.945,68784,0.948,68583,0.9381,68382,0.9382,68181,0.9376,67980,0.0394,67779,0.0395,67578,0.0393,70094,0.0395,70295,0.9343,70496,0.9484,70697,0.9535,70898,0.4227,71099,0.0393,71300,0.0395,71501,0.0392,71702,0.0395,71903,0.0394,72105,0.0394,72305,0.0393,74820,0.0401,74619,0.9336,74418,0.9581,74217,0.9524,74016,1.0016,73815,0.9882,73614,0.9931,73413,0.0394,73212,0.0395,73011,0.0407,72810,0.0394,72609,0.0394,75127,0.0402,75328,0.9553,75529,0.9872,75730,0.0343,75931,1.6428,76132,0.8884,76333,0.0397,76534,0.0392,76735,0.0394,76936,0.0395,77137,0.0394,77338,0.0393,79854,0.0395,79653,0.0391,79452,0.044,79251,0.0386,79050,0.0393,78849,0.0381,78648,0.0384,78447,0.039,78246,0.0395,78045,0.0394,77844,0.0391,77643
3,37.5,0.0394,120024,0.0395,120225,0.0397,120426,0.0399,120627,0.0397,120828,0.0393,121029,0.0396,121230,0.0395,121432,0.0395,121633,0.0396,121834,0.0394,122035,0.0394,122236,0.0393,124748,0.0452,124547,0.9295,124347,0.9276,124146,0.9372,123945,0.9502,123745,0.9492,123545,0.9544,123345,0.9612,123144,0.9717,122943,0.0393,122742,0.0395,122541,0.0392,125053,0.0404,125253,0.9864,125453,0.9788,125653,0.9895,125853,0.0396,126053,0.0395,126253,0.0394,126453,0.04,126653,0.8718,126853,0.0394,127053,0.0395,127253,0.0395,129759,0.0401,129559,0.9428,129359,0.9589,129159,0.9352,128958,0.9348,128755,0.9347,128555,0.9312,128355,0.9296,128155,0.9286,127955,0.0394,127755,0.0395,127555,0.0393,130062,0.0395,130262,0.9392,130462,0.9416,130662,0.9447,130862,0.423,131063,0.0393,131263,0.0395,131463,0.0391,131663,0.0395,131863,0.0394,132063,0.0395,132263,0.0393,134775,0.0401,134575,0.9288,134375,0.9448,134175,0.9396,133975,1.0009,133775,0.9885,133575,0.9903,133374,0.0394,133173,0.0394,132972,0.0407,132771,0.0394,132570,0.0394,135079,0.0402,135280,0.9567,135481,0.9821,135684,0.0343,135885,1.6397,136085,0.8828,136285,0.0397,136485,0.0392,136685,0.0394,136885,0.0395,137085,0.0395,137286,0.0394,139802,0.0395,139601,0.0391,139400,0.044,139199,0.0386,138998,0.0393,138797,0.0381,138596,0.0384,138395,0.0391,138194,0.0395,137993,0.0394,137792,0.0391,137591
4,37.2,0.0394,180042,0.0395,180243,0.0397,180444,0.0399,180645,0.0397,180846,0.0393,181047,0.0397,181248,0.0395,181449,0.0395,181650,0.0396,181851,0.0395,182052,0.0394,182253,0.0393,184769,0.0453,184568,0.9246,184367,0.9167,184166,0.9302,183965,0.9455,183764,0.9428,183563,0.948,183362,0.9579,183161,0.9688,182960,0.0393,182759,0.0395,182558,0.0392,185076,0.0404,185277,0.9835,185478,0.9758,185680,0.9885,185880,0.0397,186081,0.0395,186282,0.0394,186483,0.0401,186684,0.8747,186885,0.0394,187086,0.0395,187287,0.0395,189803,0.0401,189601,0.9318,189400,0.9225,189199,0.9282,188998,0.9237,188797,0.9286,188596,0.9263,188395,0.9204,188194,0.9219,187993,0.0393,187792,0.0395,187591,0.0393,190110,0.0395,190311,0.9338,190512,0.9351,190713,0.9352,190914,0.4198,191115,0.0393,191316,0.0395,191517,0.0392,191718,0.0396,191919,0.0394,192120,0.0395,192321,0.0393,194854,0.0401,194653,0.9185,194452,0.9355,194251,0.931,194050,1.0002,193849,0.9855,193648,0.9888,193447,0.0395,193246,0.0394,193045,0.0407,192844,0.0394,192643,0.0395,195160,0.0402,195361,0.9645,195562,0.9861,195763,0.0344,195964,1.6167,196165,0.8965,196366,0.0397,196567,0.0393,196768,0.0394,196969,0.0395,197170,0.0395,197371,0.0394,199890,0.0396,199689,0.0392,199487,0.044,199286,0.0387,199085,0.0393,198883,0.0382,198682,0.0384,198481,0.0391,198280,0.0395,198079,0.0395,197878,0.0391,197677
5,37.1,0.0394,240055,0.0395,240256,0.0396,240457,0.0399,240658,0.0397,240858,0.0393,241059,0.0397,241260,0.0395,241461,0.0394,241662,0.0396,241863,0.0394,242064,0.0393,242265,0.0394,244775,0.0452,244575,0.9156,244375,0.9085,244175,0.9233,243975,0.9389,243775,0.9433,243575,0.9475,243375,0.9532,243174,0.9649,242973,0.0393,242772,0.0395,242571,0.0392,245078,0.0404,245278,0.9773,245478,0.974,245678,0.9851,245878,0.0396,246079,0.0394,246279,0.0394,246479,0.04,246679,0.8714,246879,0.0394,247079,0.0394,247280,0.0395,249789,0.0401,249588,0.9222,249387,0.9083,249186,0.9195,248986,0.916,248786,0.9208,248586,0.917,248386,0.916,248185,0.9143,247985,0.0393,247785,0.0395,247584,0.0393,250096,0.0395,250297,0.9269,250498,0.9292,250699,0.9261,250900,0.4145,251100,0.0393,251300,0.0394,251501,0.0392,251702,0.0395,251903,0.0393,252104,0.0394,252305,0.0393,254812,0.0401,254612,0.9112,254412,0.9268,254212,0.9236,254012,1.0005,253812,0.9887,253612,0.9889,253412,0.0394,253212,0.0394,253011,0.0407,252810,0.0394,252609,0.0394,255119,0.0402,255320,0.9674,255520,0.9884,255720,0.0344,255920,1.614,256120,0.8996,256320,0.0397,256520,0.0392,256720,0.0394,256920,0.0395,257120,0.0394,257320,0.0394,259829,0.0395,259629,0.0391,259429,0.044,259229,0.0386,259028,0.0393,258828,0.0382,258628,0.0384,258428,0.039,258227,0.0395,258027,0.0394,257827,0.0391,257626
6,37.1,0.0394,300068,0.0395,300269,0.0397,300470,0.0399,300671,0.0397,300872,0.0393,301073,0.0397,301274,0.0395,301475,0.0395,301676,0.0396,301877,0.0395,302078,0.0394,302279,0.0393,304795,0.0453,304594,0.9075,304393,0.8998,304192,0.9168,303991,0.9321,303790,0.9345,303589,0.9464,303388,0.9492,303187,0.9612,302986,0.0393,302785,0.0395,302584,0.0392,305103,0.0404,305304,0.9784,305505,0.9743,305708,0.9844,305908,0.0397,306109,0.0395,306310,0.0394,306511,0.04,306712,0.8738,306913,0.0394,307114,0.0395,307316,0.0395,309833,0.0401,309632,0.9176,309431,0.903,309230,0.9109,309029,0.9078,308828,0.9131,308627,0.9104,308426,0.9075,308225,0.9056,308024,0.0393,307823,0.0394,307622,0.0393,310138,0.0396,310339,0.9175,310540,0.9211,310741,0.9186,310942,0.4021,311143,0.0393,311344,0.0395,311545,0.0392,311746,0.0395,311947,0.0394,312148,0.0394,312349,0.0393,314865,0.0401,314664,0.9011,314463,0.9197,314262,0.9162,314061,1.0007,313860,0.9881,313659,0.9901,313458,0.0394,313257,0.0394,313056,0.0407,312855,0.0394,312654,0.0394,315171,0.0402,315372,0.9673,315573,0.9897,315774,0.0344,315975,1.6192,316176,0.8994,316377,0.0397,316578,0.0392,316779,0.0394,316980,0.0395,317182,0.0394,317383,0.0394,319898,0.0396,319697,0.0391,319496,0.044,319295,0.0386,319094,0.0393,318893,0.0382,318692,0.0384,318491,0.039,318290,0.0395,318089,0.0394,317888,0.0391,317687
7,37.1,0.0394,360082,0.0395,360283,0.0397,360484,0.0399,360684,0.0397,360884,0.0393,361084,0.0396,361285,0.0395,361486,0.0395,361687,0.0396,361888,0.0394,362089,0.0394,362290,0.0393,364805,0.0452,364604,0.9016,364403,0.8924,364202,0.9096,364001,0.9276,363800,0.9282,363599,0.9364,363398,0.9446,363197,0.9557,362996,0.0393,362795,0.0395,362594,0.0392,365108,0.0404,365309,0.9721,365510,0.9716,365711,0.9823,365912,0.0397,366114,0.0394,366315,0.0394,366516,0.0401,366717,0.8753,366918,0.0394,367119,0.0395,367320,0.0395,369837,0.0401,369636,0.9136,369435,0.9343,369234,0.9009,369033,0.8986,368832,0.9031,368631,0.9004,368430,0.8993,368229,0.8987,368028,0.0394,367827,0.0394,367626,0.0393,370145,0.0395,370346,0.9026,370547,0.9136,370748,0.9098,370949,0.398,371150,0.0393,371351,0.0395,371552,0.0392,371753,0.0395,371954,0.0394,372155,0.0395,372356,0.0393,374872,0.0401,374671,0.8923,374470,0.9106,374269,0.9084,374068,0.9999,373867,0.9868,373666,0.9887,373465,0.0394,373264,0.0395,373063,0.0407,372862,0.0394,372661,0.0394,375184,0.0401,375385,0.9668,375586,0.9908,375788,0.0344,375989,1.6235,376190,0.8989,376391,0.0397,376592,0.0392,376793,0.0394,376994,0.0395,377195,0.0395,377396,0.0394,379915,0.0395,379714,0.0391,379513,0.044,379312,0.0386,379111,0.0393,378910,0.0382,378709,0.0384,378508,0.039,378307,0.0395,378106,0.0394,377905,0.0391,377704
8,37.1,0.0394,420094,0.0395,420294,0.0397,420495,0.0399,420696,0.0397,420897,0.0393,421098,0.0397,421299,0.0395,421500,0.0395,421701,0.0396,421902,0.0395,422103,0.0393,422304,0.0394,424821,0.0453,424621,0.8948,424419,0.8861,424218,0.9006,424018,0.9212,423817,0.925,423616,0.9403,423416,0.9387,423215,0.9505,423014,0.0394,422813,0.0395,422612,0.0392,425125,0.0403,425326,0.9702,425527,0.968,425730,0.9825,425932,0.0396,426133,0.0395,426334,0.0394,426534,0.0401,426735,0.8713,426935,0.0394,427136,0.0395,427337,0.0395,429854,0.0401,429654,0.9027,429453,0.8914,429252,0.8963,429051,0.8927,428850,0.8962,428649,0.895,428449,0.8949,428248,0.889,428047,0.0394,427846,0.0395,427645,0.0393,430159,0.0395,430359,0.8914,430560,0.9032,430761,0.9027,430962,0.3831,431163,0.0393,431364,0.0395,431564,0.0392,431765,0.0395,431965,0.0394,432166,0.0395,432367,0.0393,434880,0.0401,434680,0.8835,434478,0.902,434278,0.9001,434077,1.0009,433876,0.9852,433675,0.9901,433475,0.0394,433274,0.0394,433073,0.0407,432872,0.0394,432671,0.0395,435185,0.0402,435386,0.9679,435586,0.9913,435787,0.0344,435988,1.6257,436189,0.9003,436390,0.0397,436590,0.0392,436790,0.0394,436990,0.0395,437191,0.0395,437392,0.0394,439905,0.0396,439705,0.0392,439504,0.044,439303,0.0387,439102,0.0393,438901,0.0382,438700,0.0384,438500,0.0391,438299,0.0396,438099,0.0395,437898,0.0391,437697
9,37.1,0.0394,480110,0.0395,480310,0.0397,480510,0.0399,480710,0.0397,480910,0.0393,481110,0.0396,481310,0.0395,481510,0.0395,481710,0.0396,481910,0.0395,482110,0.0393,482310,0.0393,484816,0.0453,484616,0.8884,484416,0.8812,484216,0.894,484016,0.9161,483816,0.9177,483616,0.9295,483415,0.9329,483215,0.9458,483015,0.0393,482815,0.0395,482615,0.0392,485123,0.0404,485323,0.9623,485523,0.9671,485723,0.9805,485923,0.0396,486123,0.0394,486323,0.0393,486523,0.04,486723,0.8728,486923,0.0394,487123,0.0394,487323,0.0395,489828,0.0401,489628,0.8952,489428,0.8725,489228,0.8847,489028,0.8851,488828,0.8903,488628,0.8826,488428,0.8884,488228,0.8831,488028,0.0393,487828,0.0394,487628,0.0394,490132,0.0395,490332,0.8827,490532,0.9001,490732,0.8933,490932,0.3701,491132,0.0393,491332,0.0394,491532,0.0392,491732,0.0395,491932,0.0394,492132,0.0395,492332,0.0394,494840,0.0401,494640,0.8744,494440,0.8947,494240,0.8921,494040,1.0013,493840,0.9851,493640,0.9888,493440,0.0394,493239,0.0394,493039,0.0407,492838,0.0394,492638,0.0394,495143,0.0402,495343,0.968,495543,0.9917,495743,0.0343,495943,1.6276,496143,0.9015,496343,0.0397,496543,0.0392,496743,0.0394,496943,0.0395,497143,0.0394,497343,0.0394,499848,0.0396,499648,0.0391,499448,0.044,499248,0.0386,499048,0.0393,498848,0.0381,498648,0.0384,498448,0.039,498248,0.0395,498048,0.0395,497848,0.0391,497647
10,37,0.0394,540123,0.0395,540324,0.0397,540525,0.0399,540726,0.0397,540927,0.0393,541128,0.0396,541329,0.0395,541530,0.0395,541731,0.0396,541932,0.0395,542133,0.0393,542335,0.0393,544849,0.0453,544648,0.8802,544447,0.872,544246,0.887,544045,0.9071,543844,0.9136,543643,0.93,543442,0.9275,543241,0.9402,543040,0.0394,542839,0.0395,542638,0.0392,545154,0.0404,545355,0.9595,545556,0.9657,545757,0.9786,545958,0.0397,546159,0.0395,546360,0.0394,546561,0.0401,546762,0.8763,546963,0.0394,547164,0.0394,547365,0.0395,549881,0.0402,549680,0.8865,549479,0.8576,549278,0.8783,549077,0.8745,548876,0.8797,548675,0.8768,548474,0.879,548273,0.873,548072,0.0393,547871,0.0394,547670,0.0394,550186,0.0396,550387,0.8721,550588,0.8858,550790,0.8855,550991,0.3558,551192,0.0393,551393,0.0395,551594,0.0392,551796,0.0395,551997,0.0394,552198,0.0395,552399,0.0393,554915,0.0401,554714,0.8658,554513,0.8868,554312,0.8836,554111,1.0012,553910,0.9853,553709,0.9904,553508,0.0395,553307,0.0394,553106,0.0408,552905,0.0394,552704,0.0394,555220,0.0402,555421,0.9677,555622,0.9925,555823,0.0345,556024,1.6283,556225,0.902,556426,0.0396,556627,0.0392,556828,0.0394,557029,0.0395,557230,0.0395,557431,0.0394,559948,0.0395,559747,0.0392,559546,0.044,559345,0.0387,559144,0.0393,558943,0.0382,558742,0.0384,558541,0.0391,558340,0.0396,558139,0.0394,557938,0.0391,557737
11,37,0.0394,600134,0.0395,600335,0.0397,600536,0.04,600737,0.0397,600939,0.0393,601140,0.0396,601341,0.0395,601542,0.0395,601743,0.0397,601944,0.0395,602145,0.0394,602346,0.0393,604864,0.0453,604663,0.8686,604462,0.8655,604261,0.88,604060,0.9028,603859,0.9056,603658,0.9219,603457,0.9221,603256,0.9362,603055,0.0393,602854,0.0395,602653,0.0392,605171,0.0404,605372,0.9559,605573,0.9637,605774,0.977,605975,0.0397,606176,0.0395,606377,0.0394,606578,0.0401,606779,0.8745,606980,0.0394,607181,0.0395,607382,0.0395,609901,0.0402,609700,0.8823,609499,0.8509,609298,0.8692,609097,0.8649,608896,0.871,608695,0.8683,608494,0.8733,608293,0.8645,608092,0.0394,607891,0.0395,607690,0.0393,610205,0.0395,610406,0.8628,610607,0.8789,610809,0.8775,611010,0.34,611211,0.0393,611412,0.0395,611613,0.0392,611814,0.0395,612015,0.0394,612216,0.0395,612417,0.0393,614933,0.0401,614732,0.8575,614531,0.8795,614330,0.8769,614129,1.0015,613928,0.9881,613727,0.9917,613526,0.0395,613325,0.0394,613124,0.0407,612923,0.0395,612722,0.0394,615239,0.0403,615440,0.9684,615641,0.993,615842,0.0344,616043,1.6286,616244,0.901,616445,0.0397,616646,0.0393,616847,0.0394,617048,0.0395,617249,0.0395,617450,0.0394,619965,0.0396,619764,0.0391,619563,0.0441,619362,0.0387,619161,0.0393,618960,0.0382,618759,0.0384,618558,0.0391,618357,0.0396,618156,0.0394,617955,0.0391,617754
12,37,0.0394,660150,0.0395,660351,0.0397,660552,0.0399,660753,0.0397,660954,0.0393,661155,0.0396,661356,0.0395,661557,0.0395,661758,0.0396,661959,0.0394,662160,0.0394,662361,0.0393,664876,0.0452,664675,0.8624,664474,0.8565,664273,0.8724,664072,0.8977,663871,0.9037,663670,0.9138,663469,0.9156,663268,0.9299,663067,0.0393,662866,0.0395,662665,0.0392,665182,0.0404,665383,0.9496,665584,0.9633,665785,0.9766,665986,0.0397,666187,0.0394,666388,0.0393,666589,0.041,666790,0.8742,666991,0.0394,667192,0.0394,667393,0.0394,669912,0.0401,669711,0.8818,669510,0.8344,669308,0.8597,669108,0.8568,668906,0.8632,668705,0.8584,668504,0.8673,668303,0.8581,668102,0.0393,667901,0.0395,667700,0.0394,670216,0.0395,670417,0.8555,670618,0.8719,670819,0.8689,671020,0.3178,671221,0.0393,671422,0.0395,671623,0.0392,671824,0.0395,672025,0.0394,672226,0.0394,672427,0.0394,674941,0.0401,674740,0.8483,674539,0.8715,674338,0.8676,674137,1.0016,673936,0.9866,673735,0.9896,673534,0.0395,673333,0.0394,673132,0.0407,672931,0.0394,672730,0.0395,675247,0.0402,675448,0.9681,675649,0.9937,675850,0.0344,676051,1.631,676252,0.9023,676453,0.0397,676654,0.0393,676855,0.0394,677056,0.0395,677257,0.0395,677458,0.0394,679979,0.0395,679778,0.0391,679577,0.044,679376,0.0386,679174,0.0393,678973,0.0382,678772,0.0384,678571,0.039,678370,0.0395,678169,0.0394,677968,0.039,677767
13,37,0.0394,720166,0.0395,720367,0.0397,720568,0.0399,720769,0.0397,720970,0.0392,721171,0.0396,721372,0.0395,721572,0.0395,721772,0.0396,721973,0.0395,722174,0.0394,722375,0.0393,724891,0.0453,724690,0.8603,724489,0.8506,724288,0.8655,724087,0.8905,723886,0.8957,723685,0.9131,723484,0.912,723283,0.9242,723082,0.0394,722881,0.0395,722680,0.0392,725196,0.0404,725397,0.9451,725598,0.9615,725799,0.9761,726000,0.0397,726201,0.0395,726402,0.0394,726603,0.041,726804,0.8746,727005,0.0394,727206,0.0395,727407,0.0395,729922,0.0401,729721,0.8724,729520,0.8251,729319,0.8517,729118,0.8471,728917,0.8538,728716,0.849,728515,0.8573,728314,0.8497,728113,0.0394,727911,0.0395,727710,0.0394,730229,0.0395,730430,0.847,730631,0.865,730832,0.8599,731033,0.2971,731234,0.0393,731435,0.0394,731636,0.0392,731837,0.0395,732038,0.0394,732239,0.0394,732440,0.0394,734956,0.0402,734755,0.8392,734554,0.8638,734353,0.8591,734152,1.001,733951,0.9843,733750,0.9898,733549,0.0395,733348,0.0394,733147,0.0407,732946,0.0394,732745,0.0394,735262,0.0402,735463,0.9697,735664,0.9942,735865,0.0344,736066,1.6298,736267,0.903,736468,0.0397,736669,0.0393,736870,0.0394,737071,0.0395,737272,0.0395,737473,0.0394,739993,0.0396,739792,0.0392,739591,0.044,739390,0.0387,739189,0.0393,738988,0.0382,738787,0.0384,738586,0.039,738385,0.0396,738184,0.0395,737983,0.0391,737782
14,37,0.0394,780172,0.0395,780373,0.0396,780574,0.0399,780775,0.0397,780976,0.0392,781177,0.0396,781378,0.0395,781579,0.0395,781780,0.0396,781981,0.0395,782182,0.0393,782383,0.0393,784900,0.0453,784699,0.8442,784498,0.8436,784297,0.8562,784096,0.8822,783895,0.8886,783694,0.9049,783493,0.9061,783292,0.9207,783091,0.0393,782890,0.0395,782689,0.0392,785205,0.0404,785406,0.9417,785607,0.9598,785808,0.9728,786009,0.0396,786210,0.0394,786411,0.0393,786612,0.041,786812,0.8718,787012,0.0394,787212,0.0394,787413,0.0395,789927,0.0401,789727,0.8607,789526,0.8148,789325,0.8454,789124,0.8413,788923,0.8466,788722,0.8407,788521,0.8469,788320,0.8432,788119,0.0393,787918,0.0394,787717,0.0394,790230,0.0395,790431,0.8381,790632,0.8558,790834,0.8513,791034,0.2727,791234,0.0393,791435,0.0394,791636,0.0392,791837,0.0395,792037,0.0393,792237,0.0394,792437,0.0393,794950,0.0401,794749,0.8306,794549,0.8558,794349,0.8511,794148,1.0013,793947,0.9857,793746,0.9896,793545,0.0394,793344,0.0394,793143,0.0407,792942,0.0395,792741,0.0394,795253,0.0402,795454,0.9681,795655,0.9941,795856,0.0344,796057,1.6317,796258,0.9036,796459,0.0397,796660,0.0393,796862,0.0394,797063,0.0395,797264,0.0395,797465,0.0394,799988,0.0395,799787,0.0391,799586,0.044,799385,0.0386,799184,0.0393,798983,0.0382,798782,0.0384,798581,0.039,798380,0.0396,798179,0.0394,797978,0.0391,797777
15,37,0.0394,840200,0.0395,840401,0.0396,840602,0.0399,840803,0.0397,841004,0.0392,841205,0.0396,841406,0.0395,841607,0.0395,841808,0.0396,842009,0.0394,842210,0.0394,842411,0.0393,844929,0.0453,844728,0.8389,844527,0.8375,844326,0.8465,844125,0.8763,843924,0.888,843723,0.8924,843522,0.9002,843321,0.9166,843120,0.0393,842919,0.0395,842718,0.0392,845233,0.0404,845434,0.9343,845636,0.9578,845837,0.9704,846038,0.0397,846239,0.0395,846440,0.0393,846641,0.041,846842,0.8711,847043,0.0394,847244,0.0395,847445,0.0395,849962,0.0401,849761,0.8495,849560,0.805,849359,0.8377,849158,0.8345,848957,0.8386,848756,0.8313,848555,0.8404,848354,0.833,848153,0.0394,847952,0.0395,847751,0.0393,850267,0.0395,850468,0.8299,850669,0.8511,850870,0.843,851071,0.248,851272,0.0393,851473,0.0394,851674,0.0392,851875,0.0395,852076,0.0393,852277,0.0394,852478,0.0393,854994,0.0401,854793,0.8227,854592,0.8466,854391,0.8425,854190,1.002,853989,0.9856,853788,0.9906,853587,0.0394,853386,0.0394,853185,0.0407,852983,0.0395,852782,0.0395,855301,0.0402,855502,0.9696,855703,0.9945,855904,0.0344,856105,1.6305,856306,0.9022,856507,0.0397,856708,0.0392,856909,0.0395,857110,0.0395,857311,0.0395,857512,0.0394,860029,0.0395,859828,0.0391,859627,0.044,859426,0.0386,859225,0.0392,859024,0.0382,858823,0.0384,858622,0.0391,858421,0.0395,858220,0.0394,858019,0.0391,857818
16,37,0.0394,900217,0.0395,900416,0.0397,900616,0.0399,900816,0.0397,901016,0.0393,901216,0.0397,901416,0.0395,901615,0.0395,901814,0.0397,902013,0.0395,902213,0.0394,902413,0.0394,904913,0.0452,904714,0.8366,904514,0.8301,904314,0.8464,904115,0.8745,903915,0.8833,903716,0.8947,903517,0.8975,903317,0.9092,903117,0.0394,902917,0.0396,902718,0.0392,905219,0.0404,905419,0.9307,905618,0.9572,905818,0.9685,906018,0.0397,906218,0.0395,906418,0.0394,906617,0.0411,906816,0.8814,907015,0.0394,907215,0.0395,907414,0.0395,909911,0.0402,909712,0.8384,909513,0.7964,909313,0.8282,909114,0.8241,908915,0.8285,908715,0.8224,908516,0.833,908317,0.8241,908118,0.0394,907918,0.0395,907718,0.0394,910214,0.0395,910413,0.8182,910612,0.8403,910811,0.8371,911011,0.2159,911211,0.0393,911410,0.0395,911609,0.0392,911809,0.0395,912008,0.0394,912207,0.0394,912406,0.0394,914904,0.0401,914705,0.8153,914506,0.8395,914307,0.8336,914107,1.0011,913908,0.984,913709,0.9884,913510,0.0395,913311,0.0395,913111,0.0407,912911,0.0395,912711,0.0394,915215,0.0402,915414,0.9708,915613,0.9956,915812,0.0344,916011,1.6324,916210,0.9034,916410,0.0397,916609,0.0393,916808,0.0394,917007,0.0395,917207,0.0395,917406,0.0394,919898,0.0396,919699,0.0391,919500,0.0441,919301,0.0386,919101,0.0393,918902,0.0382,918703,0.0384,918504,0.0391,918305,0.0396,918106,0.0395,917907,0.0391,917708
17,37,0.0395,960231,0.0395,960431,0.0397,960630,0.0399,960830,0.0397,961029,0.0393,961229,0.0396,961428,0.0395,961627,0.0395,961826,0.0397,962026,0.0395,962226,0.0394,962426,0.0394,964931,0.0452,964731,0.824,964531,0.8144,964331,0.837,964131,0.8591,963931,0.8769,963731,0.8914,963531,0.896,963331,0.9034,963131,0.0394,962930,0.0395,962730,0.0392,965237,0.0404,965437,0.9268,965636,0.9552,965838,0.9686,966038,0.0397,966238,0.0395,966438,0.0394,966638,0.0411,966838,0.8694,967038,0.0394,967238,0.0395,967438,0.0395,969942,0.0401,969742,0.8289,969542,0.7886,969342,0.8196,969142,0.8157,968942,0.8195,968742,0.8139,968542,0.8224,968342,0.8151,968142,0.0394,967942,0.0395,967742,0.0394,970250,0.0396,970450,0.8106,970650,0.8363,970850,0.8295,971050,0.1948,971250,0.0393,971450,0.0395,971650,0.0393,971850,0.0396,972050,0.0394,972250,0.0395,972450,0.0393,974956,0.0401,974756,0.8064,974555,0.8311,974355,0.8255,974155,1.0007,973955,0.9861,973755,0.9895,973555,0.0395,973355,0.0395,973155,0.0407,972955,0.0394,972755,0.0395,975264,0.0402,975464,0.97,975664,0.9955,975864,0.0345,976064,1.6328,976264,0.9031,976464,0.0397,976664,0.0393,976864,0.0395,977064,0.0396,977264,0.0396,977464,0.0395,979969,0.0396,979769,0.0392,979569,0.0441,979369,0.0387,979169,0.0393,978969,0.0382,978769,0.0384,978569,0.0391,978369,0.0396,978169,0.0395,977969,0.0392,977769
18,37,0.0394,1020257,0.0395,1020457,0.0397,1020657,0.0399,1020858,0.0397,1021058,0.0392,1021258,0.0396,1021458,0.0395,1021658,0.0395,1021859,0.0396,1022059,0.0395,1022259,0.0394,1022459,0.0393,1024963,0.0452,1024763,0.8175,1024563,0.8073,1024363,0.8287,1024163,0.8531,1023963,0.8697,1023763,0.878,1023563,0.8894,1023363,0.8974,1023163,0.0394,1022963,0.0395,1022763,0.0392,1025278,0.0404,1025478,0.9247,1025678,0.952,1025878,0.9671,1026078,0.0396,1026278,0.0395,1026478,0.0394,1026678,0.041,1026878,0.8722,1027078,0.0394,1027278,0.0395,1027478,0.0395,1029983,0.0401,1029783,0.8229,1029583,0.79,1029383,0.813,1029183,0.8087,1028983,0.8128,1028783,0.8089,1028583,0.8133,1028383,0.8059,1028183,0.0394,1027984,0.0395,1027784,0.0393,1030286,0.0395,1030485,0.8027,1030685,0.8229,1030885,0.8253,1031085,0.1725,1031285,0.0393,1031485,0.0395,1031686,0.0392,1031886,0.0395,1032086,0.0394,1032286,0.0395,1032486,0.0393,1034990,0.0401,1034790,0.799,1034590,0.8249,1034390,0.8171,1034190,1.001,1033990,0.9859,1033790,0.9884,1033590,0.0395,1033390,0.0394,1033190,0.0407,1032990,0.0394,1032790,0.0395,1035294,0.0402,1035494,0.9703,1035694,0.9953,1035894,0.0344,1036094,1.633,1036294,0.9031,1036494,0.0397,1036694,0.0393,1036894,0.0394,1037094,0.0395,1037294,0.0395,1037494,0.0394,1039999,0.0395,1039799,0.0391,1039599,0.0441,1039399,0.0387,1039199,0.0393,1038999,0.0382,1038799,0.0384,1038599,0.039,1038399,0.0396,1038199,0.0394,1037999,0.0391,1037799
19,37,0.0394,1080264,0.0395,1080464,0.0397,1080665,0.0399,1080865,0.0397,1081065,0.0393,1081265,0.0397,1081465,0.0395,1081665,0.0395,1081865,0.0396,1082065,0.0395,1082265,0.0393,1082465,0.0393,1084969,0.0452,1084769,0.8127,1084569,0.801,1084369,0.8255,1084169,0.849,1083969,0.8664,1083769,0.8815,1083569,0.8849,1083369,0.8934,1083169,0.0393,1082969,0.0395,1082769,0.0392,1085276,0.0404,1085476,0.9207,1085676,0.9529,1085876,0.9669,1086076,0.0396,1086276,0.0395,1086476,0.0394,1086676,0.0409,1086876,0.8723,1087076,0.0394,1087276,0.0395,1087476,0.0395,1089979,0.0401,1089779,0.8157,1089579,0.7809,1089379,0.8052,1089179,0.8017,1088979,0.8076,1088779,0.8034,1088579,0.8073,1088379,0.7967,1088179,0.0393,1087979,0.0395,1087779,0.0393,1090283,0.0395,1090484,0.7962,1090684,0.8145,1090884,0.8131,1091087,0.1496,1091287,0.0394,1091487,0.0394,1091687,0.0392,1091887,0.0395,1092087,0.0394,1092287,0.0395,1092487,0.0393,1094992,0.0401,1094792,0.7904,1094592,0.8167,1094392,0.8092,1094192,1.001,1093992,0.9864,1093792,0.9865,1093592,0.0395,1093392,0.0394,1093192,0.0407,1092992,0.0395,1092792,0.0394,1095299,0.0402,1095499,0.9704,1095699,0.9955,1095899,0.0344,1096099,1.6325,1096299,0.904,1096499,0.0397,1096699,0.0392,1096899,0.0394,1097099,0.0395,1097299,0.0395,1097499,0.0394,1100005,0.0396,1099805,0.0392,1099604,0.044,1099404,0.0387,1099204,0.0393,1099004,0.0382,1098804,0.0384,1098603,0.039,1098402,0.0396,1098202,0.0394,1098002,0.0391,1097802
20,37,0.0394,1140280,0.0395,1140481,0.0397,1140682,0.0399,1140883,0.0397,1141084,0.0393,1141285,0.0396,1141486,0.0395,1141687,0.0394,1141888,0.0396,1142089,0.0395,1142290,0.0393,1142491,0.0393,1145006,0.0452,1144805,0.8065,1144604,0.7943,1144403,0.8212,1144202,0.8473,1144001,0.858,1143800,0.8672,1143599,0.879,1143398,0.8881,1143197,0.0393,1142996,0.0395,1142795,0.0392,1145311,0.0404,1145512,0.917,1145713,0.9504,1145914,0.9647,1146115,0.0396,1146316,0.0395,1146517,0.0393,1146718,0.0409,1146919,0.8699,1147119,0.0394,1147320,0.0395,1147521,0.0395,1150039,0.0401,1149838,0.8119,1149637,0.7657,1149436,0.7972,1149235,0.7942,1149033,0.7987,1148833,0.7938,1148631,0.7977,1148430,0.79,1148229,0.0394,1148028,0.0395,1147827,0.0393,1150345,0.0395,1150546,0.7891,1150747,0.8069,1150948,0.8075,1151149,0.1397,1151350,0.0393,1151551,0.0394,1151752,0.0392,1151953,0.0395,1152154,0.0393,1152355,0.0394,1152556,0.0393,1155072,0.0401,1154871,0.7837,1154670,0.8115,1154469,0.8013,1154268,1.002,1154067,0.9856,1153866,0.9895,1153665,0.0394,1153464,0.0394,1153263,0.0407,1153062,0.0394,1152861,0.0395,1155379,0.0402,1155580,0.971,1155781,0.9981,1155982,0.0345,1156183,1.6335,1156384,0.9039,1156584,0.0397,1156784,0.0393,1156984,0.0394,1157184,0.0395,1157385,0.0396,1157585,0.0394,1160098,0.0395,1159898,0.0391,1159698,0.044,1159498,0.0387,1159297,0.0393,1159096,0.0382,1158896,0.0384,1158694,0.0391,1158493,0.0396,1158292,0.0394,1158091,0.0391,1157890
21,37,0.0394,1200289,0.0395,1200490,0.0397,1200691,0.0399,1200892,0.0397,1201093,0.0393,1201294,0.0397,1201495,0.0396,1201696,0.0395,1201897,0.0396,1202098,0.0395,1202299,0.0393,1202500,0.0394,1205017,0.0453,1204816,0.7994,1204615,0.7871,1204414,0.8116,1204213,0.8427,1204012,0.8524,1203811,0.8644,1203610,0.8733,1203409,0.8839,1203208,0.0394,1203007,0.0396,1202806,0.0392,1205324,0.0404,1205525,0.9137,1205726,0.9484,1205927,0.9647,1206128,0.0397,1206329,0.0395,1206530,0.0394,1206731,0.041,1206932,0.87,1207133,0.0394,1207334,0.0395,1207535,0.0395,1210053,0.0401,1209852,0.8107,1209651,0.758,1209450,0.7885,1209249,0.7876,1209048,0.7902,1208847,0.7856,1208646,0.7893,1208445,0.7836,1208244,0.0394,1208043,0.0395,1207842,0.0394,1210357,0.0395,1210558,0.781,1210759,0.8011,1210966,0.7982,1211167,0.1373,1211368,0.0394,1211569,0.0395,1211770,0.0392,1211971,0.0396,1212172,0.0394,1212373,0.0395,1212574,0.0394,1215090,0.0401,1214889,0.7756,1214688,0.8048,1214487,0.7942,1214286,1.0015,1214085,0.9852,1213884,0.9885,1213683,0.0394,1213482,0.0394,1213281,0.0407,1213080,0.0394,1212879,0.0395,1215399,0.0402,1215600,0.9705,1215801,0.9962,1216002,0.0345,1216203,1.635,1216404,0.9045,1216605,0.0397,1216806,0.0393,1217007,0.0395,1217208,0.0396,1217409,0.0395,1217610,0.0394,1220129,0.0396,1219928,0.0391,1219727,0.0441,1219526,0.0386,1219325,0.0393,1219124,0.0382,1218923,0.0384,1218722,0.0391,1218521,0.0396,1218320,0.0394,1218119,0.0391,1217918
22,37,0.0394,1260296,0.0395,1260497,0.0396,1260697,0.0399,1260897,0.0396,1261097,0.0392,1261297,0.0396,1261497,0.0395,1261697,0.0394,1261897,0.0396,1262097,0.0394,1262297,0.0393,1262497,0.0393,1265002,0.0452,1264802,0.7928,1264602,0.7889,1264402,0.8028,1264202,0.8356,1264002,0.8483,1263802,0.8523,1263602,0.869,1263402,0.8802,1263202,0.0393,1263001,0.0395,1262800,0.0392,1265305,0.0403,1265506,0.9109,1265706,0.9487,1265906,0.9627,1266106,0.0396,1266306,0.0394,1266506,0.0393,1266707,0.0409,1266907,0.873,1267107,0.0393,1267307,0.0394,1267507,0.0395,1270011,0.0401,1269811,0.7987,1269611,0.7495,1269411,0.7832,1269211,0.7754,1269011,0.7837,1268811,0.7816,1268611,0.7871,1268411,0.7759,1268211,0.0394,1268011,0.0395,1267810,0.0393,1270315,0.0395,1270516,0.7732,1270716,0.7928,1270916,0.793,1271116,0.1398,1271316,0.0393,1271516,0.0394,1271716,0.0392,1271916,0.0395,1272116,0.0393,1272316,0.0394,1272516,0.0393,1275024,0.0401,1274823,0.7686,1274622,0.7967,1274421,0.7864,1274221,1.0011,1274021,0.9865,1273821,0.9883,1273621,0.0394,1273421,0.0394,1273221,0.0407,1273021,0.0394,1272820,0.0394,1275334,0.0401,1275535,0.9709,1275736,0.9966,1275936,0.0344,1276136,1.634,1276336,0.9039,1276537,0.0397,1276738,0.0392,1276939,0.0394,1277140,0.0395,1277341,0.0395,1277542,0.0394,1280059,0.0395,1279858,0.0391,1279657,0.044,1279457,0.0386,1279257,0.0393,1279057,0.0382,1278857,0.0384,1278656,0.039,1278455,0.0396,1278254,0.0395,1278053,0.0391,1277852
23,37,0.0394,1320315,0.0395,1320516,0.0397,1320717,0.0399,1320918,0.0397,1321119,0.0392,1321320,0.0396,1321521,0.0395,1321722,0.0395,1321923,0.0396,1322124,0.0395,1322325,0.0394,1322526,0.0393,1325040,0.0452,1324839,0.7819,1324638,0.776,1324437,0.798,1324236,0.8285,1324035,0.8392,1323834,0.8575,1323633,0.8648,1323432,0.8788,1323231,0.0393,1323030,0.0395,1322829,0.0392,1325345,0.0404,1325546,0.907,1325747,0.9469,1325948,0.9614,1326149,0.0396,1326350,0.0395,1326551,0.0394,1326752,0.0409,1326953,0.8672,1327154,0.0394,1327355,0.0395,1327556,0.0395,1330075,0.0401,1329874,0.79,1329673,0.7401,1329472,0.7746,1329271,0.7685,1329070,0.775,1328869,0.7714,1328668,0.778,1328467,0.7715,1328266,0.0394,1328065,0.0395,1327864,0.0393,1330379,0.0395,1330580,0.7658,1330781,0.7873,1330982,0.7864,1331183,0.1725,1331384,0.0393,1331585,0.0395,1331786,0.0392,1331987,0.0395,1332188,0.0393,1332389,0.0395,1332590,0.0393,1335103,0.0401,1334902,0.7606,1334701,0.7856,1334500,0.7789,1334300,1.0008,1334099,0.9874,1333898,0.9871,1333697,0.04,1333496,0.0394,1333296,0.0407,1333095,0.0394,1332894,0.0395,1335418,0.0402,1335619,0.9711,1335820,0.9961,1336021,0.0344,1336221,1.6357,1336422,0.9047,1336623,0.0397,1336823,0.0392,1337024,0.0394,1337225,0.0395,1337426,0.0395,1337627,0.0394,1340144,0.0395,1339944,0.0392,1339743,0.0441,1339542,0.0386,1339342,0.0393,1339141,0.0381,1338940,0.0384,1338739,0.039,1338538,0.0396,1338337,0.0394,1338136,0.0391,1337935
24,37,0.0394,1380334,0.0395,1380534,0.0397,1380734,0.0399,1380934,0.0397,1381134,0.0393,1381335,0.0397,1381535,0.0395,1381735,0.0395,1381935,0.0396,1382135,0.0395,1382335,0.0394,1382535,0.0394,1385042,0.0453,1384842,0.781,1384642,0.7748,1384442,0.7876,1384242,0.8206,1384041,0.8361,1383841,0.8463,1383641,0.86,1383441,0.8755,1383241,0.0394,1383041,0.0396,1382840,0.0392,1385345,0.0404,1385546,0.9027,1385746,0.9447,1385946,0.9593,1386146,0.0396,1386346,0.0395,1386546,0.0394,1386746,0.0409,1386946,0.8666,1387146,0.0394,1387346,0.0395,1387546,0.0395,1390050,0.0402,1389850,0.7848,1389650,0.7334,1389450,0.7697,1389250,0.7608,1389050,0.768,1388850,0.7655,1388650,0.7707,1388450,0.7639,1388250,0.0394,1388050,0.0394,1387850,0.0394,1390356,0.0395,1390556,0.7597,1390756,0.7788,1390956,0.7781,1391156,0.1921,1391356,0.0393,1391556,0.0395,1391756,0.0392,1391956,0.0395,1392156,0.0394,1392356,0.0395,1392556,0.0393,1395062,0.0401,1394862,0.7536,1394662,0.7786,1394462,0.7713,1394262,0.9995,1394062,0.9867,1393861,0.9884,1393661,0.0399,1393461,0.0395,1393261,0.0407,1393061,0.0395,1392861,0.0395,1395369,0.0402,1395569,0.9707,1395769,0.9967,1395969,0.0344,1396169,1.6345,1396369,0.9044,1396569,0.0397,1396769,0.0393,1396969,0.0394,1397169,0.0395,1397370,0.0395,1397570,0.0394,1400079,0.0396,1399879,0.0392,1399679,0.044,1399479,0.0387,1399279,0.0393,1399078,0.0382,1398878,0.0384,1398678,0.039,1398478,0.0396,1398278,0.0395,1398078,0.0391,1397878
25,37,0.0394,1440351,0.0395,1440552,0.0396,1440753,0.0399,1440954,0.0397,1441156,0.0393,1441357,0.0396,1441558,0.0395,1441759,0.0395,1441960,0.0397,1442161,0.0395,1442362,0.0394,1442564,0.0393,1445084,0.0453,1444883,0.7749,1444682,0.7638,1444481,0.7853,1444280,0.8135,1444079,0.8314,1443878,0.8424,1443677,0.8557,1443476,0.8707,1443275,0.0394,1443074,0.0395,1442873,0.0392,1445393,0.0404,1445594,0.9015,1445795,0.9438,1445996,0.959,1446197,0.0396,1446398,0.0395,1446599,0.0394,1446800,0.0409,1447001,0.8674,1447202,0.0394,1447403,0.0395,1447604,0.0395,1450119,0.0401,1449918,0.7845,1449717,0.7328,1449516,0.7639,1449315,0.7583,1449114,0.7634,1448913,0.7597,1448712,0.7646,1448511,0.7557,1448310,0.0394,1448109,0.0394,1447908,0.0394,1450425,0.0396,1450626,0.7524,1450827,0.7729,1451028,0.7723,1451229,0.1764,1451430,0.0393,1451631,0.0394,1451832,0.0392,1452033,0.0395,1452234,0.0394,1452435,0.0395,1452636,0.0393,1455153,0.0401,1454952,0.7468,1454751,0.7741,1454550,0.7654,1454349,1.0009,1454148,0.9872,1453947,0.9854,1453746,0.0399,1453545,0.0395,1453344,0.0408,1453143,0.0395,1452942,0.0395,1455458,0.0402,1455659,0.9714,1455860,0.9966,1456061,0.0344,1456262,1.6357,1456463,0.9039,1456664,0.0397,1456865,0.0392,1457066,0.0395,1457267,0.0395,1457468,0.0395,1457669,0.0394,1460186,0.0396,1459985,0.0391,1459784,0.044,1459583,0.0386,1459382,0.0393,1459181,0.0382,1458980,0.0385,1458779,0.039,1458578,0.0395,1458377,0.0395,1458176,0.0391,1457975
26,37,0.0394,1500368,0.0395,1500568,0.0397,1500769,0.0399,1500970,0.0397,1501171,0.0393,1501372,0.0396,1501574,0.0395,1501775,0.0395,1501976,0.0396,1502176,0.0394,1502376,0.0394,1502576,0.0393,1505094,0.0452,1504893,0.7702,1504692,0.7584,1504491,0.7789,1504290,0.8077,1504089,0.8241,1503888,0.8342,1503687,0.854,1503486,0.8656,1503285,0.0394,1503084,0.0395,1502883,0.0392,1505403,0.0404,1505603,0.8977,1505803,0.9427,1506003,0.9578,1506203,0.0396,1506403,0.0395,1506603,0.0393,1506803,0.0409,1507003,0.8706,1507203,0.0394,1507403,0.0395,1507603,0.0395,1510106,0.0401,1509906,0.7812,1509706,0.7184,1509506,0.7535,1509306,0.7489,1509106,0.7565,1508906,0.7577,1508706,0.7577,1508506,0.7491,1508306,0.0394,1508106,0.0395,1507906,0.0393,1510410,0.0396,1510611,0.7472,1510811,0.7647,1511011,0.7626,1511211,0.1752,1511412,0.0393,1511612,0.0394,1511812,0.0392,1512013,0.0395,1512213,0.0394,1512413,0.0395,1512613,0.0393,1515122,0.0401,1514922,0.7418,1514722,0.765,1514522,0.7581,1514322,1.0012,1514122,0.985,1513922,0.9854,1513721,0.0399,1513520,0.0394,1513320,0.0407,1513120,0.0395,1512920,0.0395,1515430,0.0403,1515630,0.9708,1515830,0.9968,1516030,0.0344,1516231,1.6344,1516431,0.9047,1516632,0.0397,1516833,0.0392,1517034,0.0394,1517234,0.0395,1517435,0.0395,1517636,0.0394,1520146,0.0395,1519946,0.0391,1519746,0.0441,1519546,0.0386,1519346,0.0393,1519145,0.0382,1518944,0.0384,1518743,0.0391,1518542,0.0396,1518341,0.0394,1518140,0.0391,1517939
27,37,0.0394,1560391,0.0395,1560592,0.0397,1560793,0.0399,1560994,0.0397,1561195,0.0392,1561396,0.0396,1561597,0.0395,1561798,0.0395,1561999,0.0396,1562200,0.0395,1562401,0.0394,1562602,0.0394,1565117,0.0453,1564916,0.7659,1564715,0.7504,1564514,0.772,1564313,0.8001,1564112,0.8152,1563911,0.8305,1563710,0.8487,1563509,0.8609,1563308,0.0393,1563107,0.0395,1562906,0.0392,1565422,0.0404,1565623,0.8951,1565824,0.9404,1566025,0.9562,1566226,0.0396,1566427,0.0395,1566628,0.0394,1566829,0.0409,1567030,0.866,1567231,0.0394,1567432,0.0394,1567633,0.0395,1570149,0.0401,1569948,0.7734,1569747,0.7109,1569546,0.7516,1569345,0.7418,1569144,0.7508,1568943,0.7468,1568742,0.7512,1568541,0.742,1568340,0.0394,1568139,0.0395,1567938,0.0393,1570454,0.0395,1570655,0.7404,1570856,0.7532,1571057,0.7598,1571258,0.1741,1571459,0.0393,1571660,0.0394,1571861,0.0392,1572062,0.0395,1572263,0.0394,1572464,0.0394,1572665,0.0393,1575184,0.0401,1574983,0.7336,1574782,0.758,1574581,0.7505,1574380,1.0062,1574179,0.9859,1573978,0.9871,1573777,0.0399,1573576,0.0394,1573375,0.0407,1573174,0.0394,1572970,0.0395,1575488,0.0402,1575689,0.9709,1575890,0.9963,1576091,0.0344,1576292,1.6363,1576493,0.9044,1576694,0.0397,1576895,0.0392,1577096,0.0394,1577297,0.0395,1577498,0.0395,1577699,0.0394,1580215,0.0396,1580014,0.0391,1579812,0.0441,1579611,0.0387,1579410,0.0393,1579209,0.0382,1579008,0.0384,1578807,0.039,1578606,0.0396,1578405,0.0395,1578204,0.0391,1578003
28,37,0.0394,1620414,0.0395,1620614,0.0396,1620814,0.0399,1621014,0.0396,1621215,0.0392,1621416,0.0396,1621617,0.0395,1621818,0.0395,1622019,0.0396,1622220,0.0395,1622421,0.0393,1622621,0.0393,1625131,0.0452,1624931,0.7562,1624731,0.7472,1624531,0.7662,1624331,0.7956,1624130,0.8141,1623929,0.8238,1623728,0.8436,1623527,0.8571,1623326,0.0393,1623125,0.0395,1622924,0.0392,1625437,0.0404,1625638,0.8912,1625839,0.9412,1626044,0.9557,1626245,0.0396,1626446,0.0395,1626647,0.0393,1626848,0.041,1627049,0.8646,1627250,0.0393,1627451,0.0395,1627651,0.0394,1630162,0.0401,1629962,0.7655,1629762,0.7042,1629562,0.7397,1629362,0.7387,1629162,0.7452,1628962,0.7452,1628762,0.7443,1628561,0.7376,1628361,0.0393,1628160,0.0395,1627959,0.0393,1630465,0.0395,1630666,0.7338,1630867,0.7465,1631068,0.7538,1631269,0.1714,1631470,0.0393,1631671,0.0394,1631872,0.0392,1632072,0.0395,1632272,0.0393,1632472,0.0394,1632672,0.0393,1635201,0.0401,1635000,0.7286,1634800,0.7538,1634600,0.745,1634399,1.0054,1634198,0.9892,1633997,0.9879,1633796,0.0399,1633595,0.0394,1633394,0.0407,1633193,0.0395,1632992,0.0394,1635505,0.0402,1635706,0.9718,1635907,0.9978,1636108,0.0344,1636309,1.6346,1636510,0.9043,1636710,0.0397,1636910,0.0392,1637110,0.0394,1637310,0.0395,1637510,0.0395,1637710,0.0394,1640219,0.0395,1640019,0.0391,1639819,0.044,1639619,0.0386,1639419,0.0393,1639219,0.0381,1639019,0.0384,1638819,0.039,1638618,0.0396,1638418,0.0395,1638217,0.0391,1638016
29,37,0.0394,1680433,0.0395,1680634,0.0397,1680835,0.0399,1681036,0.0396,1681237,0.0393,1681438,0.0396,1681639,0.0395,1681840,0.0395,1682041,0.0396,1682242,0.0394,1682443,0.0393,1682644,0.0393,1685161,0.0452,1684960,0.7533,1684759,0.7419,1684558,0.7597,1684357,0.7885,1684156,0.8116,1683955,0.8229,1683754,0.8385,1683553,0.8526,1683352,0.0393,1683151,0.0395,1682950,0.0392,1685469,0.0404,1685670,0.8879,1685871,0.9372,1686072,0.9574,1686273,0.0396,1686474,0.0395,1686675,0.0393,1686876,0.0409,1687077,0.8633,1687278,0.0394,1687479,0.0394,1687681,0.0395,1690199,0.0401,1689998,0.7614,1689797,0.6974,1689596,0.7361,1689395,0.7314,1689194,0.7386,1688993,0.7324,1688792,0.7396,1688591,0.7293,1688390,0.0394,1688189,0.0395,1687988,0.0394,1690506,0.0395,1690707,0.728,1690908,0.7436,1691109,0.7474,1691310,0.1745,1691511,0.0394,1691712,0.0394,1691913,0.0392,1692114,0.0395,1692315,0.0394,1692516,0.0395,1692717,0.0393,1695232,0.0401,1695031,0.7222,1694830,0.7464,1694629,0.7403,1694428,1.0046,1694227,0.9861,1694026,0.9885,1693825,0.0399,1693624,0.0394,1693423,0.0408,1693222,0.0394,1693021,0.0394,1695538,0.0402,1695739,0.9719,1695940,0.998,1696141,0.0345,1696342,1.6353,1696543,0.9051,1696744,0.0397,1696945,0.0392,1697146,0.0394,1697347,0.0395,1697549,0.0395,1697750,0.0393,1700267,0.0396,1700066,0.0391,1699865,0.044,1699664,0.0387,1699463,0.0393,1699262,0.0382,1699061,0.0384,1698860,0.0391,1698659,0.0396,1698458,0.0394,1698257,0.0391,1698056
30,37,0.0394,1740450,0.0395,1740651,0.0397,1740851,0.0399,1741051,0.0397,1741251,0.0393,1741452,0.0397,1741653,0.0395,1741854,0.0395,1742054,0.0396,1742254,0.0395,1742454,0.0394,1742654,0.0393,1745164,0.0452,1744964,0.7449,1744764,0.7394,1744564,0.7583,1744364,0.7851,1744164,0.8088,1743964,0.8179,1743763,0.8351,1743562,0.8478,1743361,0.0393,1743160,0.0395,1742959,0.0392,1745468,0.0404,1745669,0.8848,1745870,0.9352,1746071,0.9606,1746272,0.0396,1746474,0.0395,1746675,0.0393,1746876,0.0409,1747077,0.8629,1747278,0.0394,1747479,0.0395,1747680,0.0394,1750193,0.0401,1749992,0.7545,1749791,0.6915,1749590,0.734,1749389,0.7252,1749188,0.7333,1748987,0.7296,1748786,0.7324,1748585,0.7234,1748385,0.0394,1748185,0.0395,1747984,0.0394,1750498,0.0395,1750699,0.7229,1750900,0.7387,1751101,0.7398,1751302,0.1736,1751503,0.0394,1751704,0.0395,1751905,0.0392,1752106,0.0395,1752307,0.0394,1752508,0.0394,1752709,0.0393,1755225,0.0401,1755024,0.7178,1754823,0.7421,1754622,0.735,1754421,1.0039,1754220,0.9851,1754019,0.9952,1753818,0.0399,1753617,0.0395,1753416,0.0407,1753215,0.0394,1753014,0.0395,1755530,0.0402,1755731,0.9707,1755932,0.9975,1756134,0.0345,1756335,1.6359,1756536,0.9048,1756737,0.0398,1756938,0.0393,1757139,0.0394,1757340,0.0395,1757541,0.0395,1757742,0.0394,1760257,0.0395,1760056,0.0391,1759855,0.0441,1759654,0.0387,1759453,0.0393,1759252,0.0382,1759051,0.0384,1758850,0.0391,1758649,0.0396,1758448,0.0395,1758247,0.0392,1758046
31,37,0.0394,1800464,0.0395,1800665,0.0397,1800866,0.04,1801067,0.0397,1801267,0.0392,1801468,0.0397,1801669,0.0395,1801870,0.0395,1802071,0.0396,1802272,0.0395,1802473,0.0394,1802674,0.0394,1805188,0.0453,1804986,0.7426,1804785,0.7395,1804584,0.7498,1804384,0.7793,1804183,0.8044,1803982,0.8136,1803781,0.8326,1803580,0.8435,1803380,0.0394,1803179,0.0395,1802978,0.0392,1805491,0.0404,1805691,0.8809,1805892,0.9353,1806093,0.9614,1806293,0.0397,1806494,0.0395,1806695,0.0394,1806895,0.0409,1807096,0.8618,1807297,0.0394,1807498,0.0395,1807699,0.0395,1810218,0.0402,1810017,0.751,1809816,0.6849,1809615,0.7245,1809414,0.7175,1809213,0.7261,1809012,0.7252,1808811,0.7256,1808610,0.7169,1808409,0.0394,1808208,0.0395,1808007,0.0394,1810520,0.0395,1810720,0.7161,1810922,0.7306,1811124,0.7318,1811324,0.1726,1811525,0.0394,1811726,0.0395,1811926,0.0392,1812127,0.0396,1812328,0.0394,1812529,0.0395,1812730,0.0393,1815246,0.0401,1815046,0.7118,1814844,0.7403,1814643,0.7308,1814443,1.0039,1814242,0.9858,1814041,0.9956,1813841,0.0399,1813640,0.0395,1813439,0.0408,1813238,0.0394,1813037,0.0395,1815551,0.0403,1815751,0.9716,1815952,0.9982,1816153,0.0345,1816353,1.6348,1816554,0.9045,1816755,0.0397,1816955,0.0393,1817156,0.0395,1817357,0.0395,1817558,0.0395,1817759,0.0394,1820272,0.0396,1820072,0.0392,1819871,0.0441,1819670,0.0387,1819470,0.0393,1819269,0.0382,1819068,0.0384,1818867,0.0391,1818666,0.0396,1818466,0.0395,1818265,0.0392,1818064
32,37,0.0394,1860478,0.0395,1860678,0.0396,1860878,0.0399,1861078,0.0397,1861278,0.0392,1861478,0.0396,1861678,0.0395,1861878,0.0394,1862078,0.0396,1862278,0.0395,1862478,0.0393,1862678,0.0393,1865188,0.0453,1864988,0.7295,1864788,0.7329,1864588,0.7489,1864388,0.7797,1864188,0.8005,1863988,0.8097,1863788,0.8281,1863587,0.8394,1863387,0.0394,1863187,0.0395,1862987,0.0392,1865493,0.0404,1865693,0.8781,1865893,0.9355,1866093,0.9591,1866293,0.0396,1866493,0.0394,1866693,0.0393,1866893,0.0409,1867093,0.8618,1867293,0.0394,1867494,0.0394,1867694,0.0394,1870199,0.0401,1869999,0.7412,1869799,0.6808,1869599,0.7186,1869399,0.7176,1869199,0.7228,1868999,0.717,1868799,0.7204,1868599,0.715,1868399,0.0393,1868199,0.0394,1867999,0.0394,1870508,0.0395,1870708,0.7115,1870908,0.7247,1871108,0.7254,1871308,0.1722,1871508,0.0393,1871708,0.0394,1871908,0.0392,1872108,0.0395,1872308,0.0394,1872508,0.0395,1872708,0.0393,1875214,0.0401,1875014,0.7067,1874814,0.7363,1874614,0.7214,1874414,1.0024,1874214,0.9855,1874014,0.9941,1873814,0.0399,1873613,0.0394,1873413,0.0407,1873213,0.0394,1873012,0.0394,1875519,0.0402,1875719,0.9724,1875919,0.998,1876119,0.0344,1876319,1.6348,1876519,0.9045,1876719,0.0397,1876919,0.0392,1877119,0.0394,1877319,0.0395,1877519,0.0395,1877719,0.0394,1880223,0.0395,1880023,0.0391,1879823,0.044,1879623,0.0387,1879423,0.0392,1879222,0.0382,1879022,0.0384,1878822,0.0391,1878622,0.0396,1878422,0.0394,1878222,0.0391,1878022
33,37,0.0394,1920485,0.0395,1920686,0.0396,1920887,0.0399,1921088,0.0397,1921289,0.0392,1921490,0.0396,1921691,0.0395,1921892,0.0395,1922093,0.0396,1922294,0.0395,1922495,0.0394,1922697,0.0393,1925213,0.0452,1925012,0.7237,1924811,0.7282,1924610,0.7377,1924409,0.7694,1924208,0.7963,1924007,0.8056,1923806,0.8211,1923605,0.8332,1923404,0.0393,1923203,0.0395,1923002,0.0392,1925519,0.0404,1925720,0.8742,1925921,0.935,1926122,0.9618,1926323,0.0396,1926524,0.0395,1926725,0.0394,1926926,0.0409,1927127,0.8605,1927328,0.0394,1927529,0.0395,1927730,0.0395,1930245,0.0401,1930044,0.7366,1929843,0.6742,1929642,0.7128,1929441,0.708,1929240,0.7158,1929039,0.7195,1928838,0.7141,1928637,0.71,1928436,0.0394,1928235,0.0395,1928034,0.0394,1930551,0.0395,1930752,0.7055,1930956,0.7176,1931156,0.7228,1931357,0.1737,1931558,0.0393,1931759,0.0395,1931960,0.0392,1932161,0.0395,1932362,0.0394,1932564,0.0395,1932765,0.0393,1935280,0.0401,1935079,0.7006,1934878,0.7391,1934677,0.7194,1934476,1.0014,1934275,0.9826,1934074,0.9934,1933873,0.0399,1933672,0.0394,1933471,0.0407,1933270,0.0394,1933069,0.0394,1935585,0.0402,1935786,0.9717,1935987,0.9974,1936188,0.0344,1936389,1.637,1936590,0.9053,1936791,0.0397,1936992,0.0393,1937193,0.0394,1937394,0.0395,1937595,0.0395,1937796,0.0394,1940311,0.0395,1940110,0.0391,1939909,0.044,1939708,0.0387,1939507,0.0393,1939306,0.0382,1939105,0.0384,1938904,0.039,1938703,0.0396,1938502,0.0395,1938301,0.0392,1938100
34,37,0.0394,1980501,0.0395,1980701,0.0396,1980901,0.0399,1981101,0.0397,1981302,0.0392,1981502,0.0396,1981702,0.0395,1981903,0.0395,1982104,0.0396,1982305,0.0394,1982506,0.0393,1982707,0.0393,1985224,0.0452,1985021,0.7212,1984821,0.7231,1984620,0.7345,1984419,0.7668,1984218,0.7904,1984017,0.8008,1983816,0.8186,1983615,0.836,1983414,0.0393,1983213,0.0395,1983012,0.0392,1985528,0.0404,1985729,0.8721,1985930,0.9336,1986131,0.9578,1986331,0.0396,1986531,0.0395,1986731,0.0393,1986931,0.0409,1987131,0.8604,1987331,0.0394,1987532,0.0395,1987733,0.0394,1990249,0.0401,1990048,0.7261,1989847,0.6993,1989646,0.7075,1989445,0.7019,1989244,0.7094,1989043,0.7107,1988842,0.7086,1988641,0.7034,1988440,0.0393,1988239,0.0395,1988038,0.0393,1990553,0.0395,1990754,0.7009,1990955,0.7111,1991156,0.719,1991358,0.1735,1991559,0.0393,1991760,0.0394,1991961,0.0392,1992162,0.0395,1992363,0.0394,1992564,0.0394,1992765,0.0393,1995284,0.0401,1995083,0.6938,1994882,0.7294,1994681,0.7088,1994480,1.0015,1994279,0.9853,1994078,0.9931,1993877,0.0399,1993676,0.0394,1993475,0.0407,1993274,0.0394,1993073,0.0395,1995592,0.0402,1995793,0.9716,1995994,0.9978,1996195,0.0344,1996396,1.6361,1996597,0.9052,1996798,0.0397,1996999,0.0392,1997200,0.0394,1997401,0.0395,1997602,0.0395,1997803,0.0393,2000318,0.0395,2000117,0.0391,1999916,0.044,1999715,0.0386,1999514,0.0392,1999313,0.0382,1999112,0.0384,1998911,0.039,1998710,0.0396,1998509,0.0394,1998308,0.0391,1998107
35,37,0.0394,2040526,0.0395,2040727,0.0396,2040928,0.0399,2041129,0.0397,2041330,0.0392,2041531,0.0396,2041732,0.0395,2041933,0.0395,2042134,0.0396,2042335,0.0395,2042536,0.0393,2042737,0.0393,2045253,0.0452,2045052,0.7166,2044851,0.7175,2044650,0.7305,2044449,0.7609,2044248,0.7859,2044047,0.7966,2043846,0.8202,2043645,0.8312,2043444,0.0393,2043243,0.0395,2043042,0.0392,2045557,0.0404,2045758,0.869,2045961,0.932,2046162,0.9587,2046363,0.0396,2046564,0.0395,2046765,0.0394,2046966,0.0409,2047167,0.8596,2047368,0.0394,2047569,0.0395,2047770,0.0395,2050290,0.0401,2050089,0.7208,2049887,0.6652,2049687,0.703,2049485,0.6983,2049284,0.7048,2049083,0.702,2048882,0.702,2048681,0.6988,2048480,0.0394,2048279,0.0395,2048078,0.0394,2050596,0.0395,2050797,0.6963,2050998,0.7061,2051199,0.7129,2051400,0.1736,2051601,0.0393,2051802,0.0394,2052003,0.0392,2052204,0.0395,2052405,0.0394,2052606,0.0395,2052807,0.0393,2055323,0.0401,2055122,0.6915,2054921,0.731,2054720,0.7101,2054519,1.0022,2054318,0.9857,2054117,0.9936,2053916,0.0399,2053715,0.0394,2053514,0.0407,2053313,0.0394,2053112,0.0394,2055627,0.0402,2055828,0.9722,2056029,0.9976,2056230,0.0344,2056431,1.6378,2056632,0.9049,2056833,0.0397,2057034,0.0393,2057235,0.0395,2057436,0.0395,2057637,0.0395,2057838,0.0394,2060354,0.0396,2060153,0.0391,2059952,0.0441,2059750,0.0387,2059550,0.0393,2059348,0.0382,2059147,0.0384,2058946,0.039,2058745,0.0396,2058544,0.0394,2058343,0.0391,2058142
36,37,0.0394,2100535,0.0395,2100736,0.0397,2100937,0.0399,2101138,0.0397,2101339,0.0393,2101540,0.0396,2101741,0.0396,2101942,0.0395,2102143,0.0396,2102344,0.0395,2102545,0.0394,2102746,0.0393,2105260,0.0452,2105059,0.7127,2104859,0.7134,2104658,0.7266,2104458,0.7573,2104258,0.7823,2104058,0.7922,2103858,0.8149,2103657,0.8278,2103456,0.0393,2103255,0.0395,2103051,0.0392,2105564,0.0404,2105765,0.8658,2105966,0.9296,2106167,0.9581,2106368,0.0396,2106568,0.0395,2106768,0.0394,2106969,0.0409,2107170,0.8613,2107371,0.0394,2107572,0.0395,2107773,0.0395,2110281,0.0402,2110081,0.7141,2109881,0.66,2109681,0.6984,2109481,0.702,2109281,0.7054,2109081,0.7022,2108881,0.6951,2108680,0.6939,2108480,0.0394,2108280,0.0395,2108079,0.0394,2110585,0.0395,2110785,0.6918,2110985,0.7005,2111185,0.7068,2111385,0.1724,2111585,0.0394,2111785,0.0395,2111985,0.0392,2112185,0.0395,2112385,0.0394,2112585,0.0395,2112785,0.0393,2115290,0.0401,2115090,0.6854,2114890,0.7147,2114690,0.7097,2114490,1.0007,2114290,0.9861,2114090,0.9922,2113890,0.0399,2113690,0.0395,2113490,0.0407,2113290,0.0395,2113089,0.0395,2115595,0.0402,2115795,0.9718,2115995,0.9983,2116195,0.0345,2116395,1.6353,2116595,0.9048,2116795,0.0397,2116995,0.0393,2117195,0.0395,2117395,0.0395,2117595,0.0395,2117795,0.0395,2120309,0.0395,2120109,0.0392,2119909,0.0441,2119708,0.0387,2119507,0.0394,2119306,0.0382,2119105,0.0385,2118904,0.0391,2118703,0.0396,2118501,0.0394,2118300,0.0391,2118100
37,37,0.0394,2160551,0.0395,2160752,0.0397,2160953,0.0399,2161154,0.0397,2161355,0.0393,2161556,0.0396,2161757,0.0396,2161958,0.0395,2162159,0.0396,2162360,0.0395,2162561,0.0394,2162762,0.0393,2165279,0.0453,2165078,0.7084,2164877,0.7094,2164676,0.7224,2164475,0.7551,2164274,0.7779,2164073,0.7877,2163872,0.8122,2163671,0.8245,2163470,0.0394,2163269,0.0396,2163068,0.0392,2165595,0.0404,2165796,0.8635,2165997,0.9294,2166198,0.9573,2166399,0.0397,2166600,0.0395,2166801,0.0394,2167002,0.0409,2167203,0.8599,2167404,0.0394,2167606,0.0395,2167807,0.0395,2170323,0.0401,2170122,0.714,2169921,0.6547,2169720,0.6934,2169519,0.696,2169318,0.6944,2169117,0.691,2168916,0.6893,2168715,0.6886,2168514,0.0394,2168313,0.0395,2168112,0.0394,2170627,0.0395,2170828,0.6857,2171029,0.6957,2171230,0.7026,2171431,0.1714,2171632,0.0393,2171833,0.0395,2172034,0.0392,2172235,0.0395,2172436,0.0394,2172637,0.0394,2172838,0.0393,2175354,0.0401,2175153,0.682,2174952,0.7181,2174751,0.6993,2174550,1.0012,2174349,0.9839,2174148,0.992,2173947,0.0399,2173746,0.0394,2173545,0.0407,2173344,0.0395,2173143,0.0394,2175658,0.0402,2175859,0.9717,2176060,0.9979,2176261,0.0344,2176462,1.6367,2176663,0.9048,2176864,0.0397,2177065,0.0393,2177266,0.0395,2177468,0.0395,2177669,0.0395,2177870,0.0394,2180388,0.0396,2180187,0.0392,2179986,0.044,2179785,0.0387,2179584,0.0393,2179383,0.0382,2179182,0.0384,2178981,0.0391,2178780,0.0396,2178579,0.0395,2178378,0.0391,2178177
38,37,0.0394,2220574,0.0395,2220775,0.0397,2220976,0.04,2221177,0.0397,2221378,0.0392,2221579,0.0396,2221780,0.0395,2221981,0.0395,2222182,0.0397,2222383,0.0395,2222584,0.0394,2222785,0.0393,2225299,0.0453,2225098,0.7044,2224897,0.7053,2224696,0.7206,2224495,0.7522,2224294,0.7751,2224093,0.7833,2223892,0.8089,2223691,0.8205,2223490,0.0394,2223289,0.0395,2223088,0.0392,2225605,0.0404,2225806,0.8709,2226007,0.927,2226208,0.9537,2226410,0.0396,2226611,0.0395,2226812,0.0393,2227013,0.0409,2227214,0.8571,2227415,0.0394,2227616,0.0395,2227817,0.0395,2230332,0.0401,2230131,0.7095,2229930,0.6505,2229729,0.6882,2229528,0.6918,2229327,0.6907,2229126,0.6875,2228925,0.692,2228724,0.6841,2228523,0.0394,2228322,0.0395,2228121,0.0394,2230637,0.0395,2230838,0.6819,2231039,0.6919,2231240,0.7042,2231441,0.1728,2231642,0.0393,2231843,0.0395,2232044,0.0392,2232245,0.0395,2232446,0.0394,2232647,0.0395,2232848,0.0393,2235363,0.0401,2235162,0.6761,2234961,0.7111,2234760,0.6967,2234559,0.9987,2234358,0.9866,2234157,0.9915,2233956,0.04,2233755,0.0394,2233554,0.0408,2233353,0.0395,2233152,0.0395,2235668,0.0402,2235869,0.9719,2236070,0.9981,2236272,0.0345,2236473,1.641,2236674,0.906,2236875,0.0397,2237076,0.0393,2237277,0.0394,2237478,0.0396,2237679,0.0395,2237880,0.0394,2240397,0.0395,2240196,0.0391,2239995,0.0441,2239794,0.0387,2239593,0.0393,2239392,0.0382,2239190,0.0385,2238989,0.0391,2238788,0.0396,2238587,0.0395,2238386,0.0391,2238185
39,37,0.0394,2280597,0.0395,2280797,0.0397,2280998,0.0399,2281199,0.0397,2281399,0.0393,2281600,0.0397,2281801,0.0395,2282001,0.0395,2282202,0.0396,2282403,0.0395,2282604,0.0393,2282805,0.0394,2285320,0.0453,2285120,0.7006,2284918,0.6989,2284717,0.7153,2284517,0.7468,2284316,0.7689,2284115,0.7808,2283914,0.8046,2283713,0.8159,2283513,0.0393,2283312,0.0395,2283111,0.0393,2285625,0.0404,2285825,0.8742,2286026,0.9259,2286227,0.9507,2286427,0.0396,2286628,0.0395,2286829,0.0394,2287029,0.0409,2287230,0.8553,2287431,0.0394,2287632,0.0395,2287833,0.0395,2290349,0.0402,2290149,0.7037,2289948,0.6458,2289747,0.6837,2289547,0.6876,2289346,0.6859,2289145,0.6813,2288945,0.6819,2288744,0.6799,2288544,0.0394,2288343,0.0395,2288142,0.0394,2290653,0.0396,2290853,0.6771,2291054,0.6864,2291255,0.6949,2291456,0.1721,2291657,0.0394,2291858,0.0394,2292058,0.0392,2292259,0.0395,2292459,0.0394,2292660,0.0395,2292861,0.0394,2295373,0.0401,2295172,0.6708,2294971,0.7075,2294770,0.6901,2294569,0.9982,2294368,0.9866,2294167,0.9924,2293967,0.0399,2293766,0.0394,2293566,0.0408,2293365,0.0395,2293164,0.0395,2295684,0.0403,2295884,0.9717,2296085,0.9975,2296286,0.0345,2296486,1.6365,2296687,0.9055,2296887,0.0398,2297087,0.0393,2297287,0.0395,2297488,0.0395,2297689,0.0395,2297890,0.0394,2300396,0.0396,2300196,0.0392,2299996,0.0441,2299796,0.0387,2299596,0.0393,2299395,0.0382,2299194,0.0385,2298994,0.0391,2298793,0.0396,2298593,0.0394,2298393,0.0391,2298193
40,37,0.0394,2340616,0.0395,2340816,0.0397,2341016,0.04,2341216,0.0397,2341416,0.0392,2341616,0.0396,2341816,0.0395,2342016,0.0395,2342216,0.0397,2342416,0.0394,2342616,0.0394,2342816,0.0393,2345321,0.0452,2345121,0.6968,2344921,0.6938,2344721,0.7112,2344521,0.7431,2344321,0.7644,2344121,0.7759,2343921,0.8018,2343720,0.8114,2343520,0.0393,2343320,0.0395,2343120,0.0392,2345626,0.0405,2345826,0.87,2346026,0.9253,2346226,0.947,2346426,0.0396,2346626,0.0395,2346826,0.0393,2347026,0.0409,2347226,0.8607,2347426,0.0394,2347626,0.0395,2347826,0.0395,2350330,0.0401,2350130,0.6979,2349930,0.6424,2349730,0.6807,2349530,0.684,2349330,0.6819,2349130,0.6913,2348930,0.6778,2348730,0.6761,2348530,0.0394,2348330,0.0395,2348130,0.0394,2350635,0.0396,2350835,0.673,2351035,0.6821,2351235,0.6912,2351435,0.1717,2351635,0.0393,2351835,0.0394,2352035,0.0392,2352235,0.0395,2352435,0.0394,2352635,0.0395,2352835,0.0393,2355341,0.0401,2355141,0.6655,2354941,0.6915,2354741,0.6894,2354541,0.9966,2354341,0.9926,2354141,0.9897,2353941,0.04,2353741,0.0394,2353540,0.0408,2353340,0.0395,2353140,0.0395,2355646,0.0402,2355846,0.9728,2356046,0.9987,2356246,0.0345,2356446,1.6362,2356646,0.906,2356846,0.0397,2357046,0.0393,2357246,0.0395,2357446,0.0396,2357646,0.0395,2357846,0.0394,2360351,0.0396,2360151,0.0392,2359951,0.0441,2359751,0.0387,2359551,0.0393,2359351,0.0382,2359151,0.0385,2358951,0.0391,2358751,0.0396,2358551,0.0395,2358351,0.0391,2358150
41,37,0.0394,2400630,0.0395,2400831,0.0397,2401032,0.04,2401233,0.0397,2401434,0.0393,2401635,0.0397,2401836,0.0395,2402037,0.0395,2402238,0.0397,2402439,0.0395,2402641,0.0394,2402842,0.0393,2405357,0.0453,2405156,0.6926,2404955,0.6897,2404754,0.7069,2404553,0.7392,2404352,0.7606,2404151,0.773,2403950,0.7986,2403749,0.809,2403548,0.0394,2403347,0.0396,2403146,0.0392,2405661,0.0404,2405862,0.8691,2406063,0.9242,2406264,0.9603,2406465,0.0397,2406666,0.0395,2406867,0.0394,2407068,0.0409,2407269,0.8557,2407470,0.0394,2407671,0.0395,2407872,0.0395,2410389,0.0401,2410188,0.696,2409987,0.6377,2409786,0.676,2409585,0.6794,2409384,0.6817,2409183,0.6738,2408982,0.6801,2408781,0.6704,2408580,0.0394,2408379,0.0395,2408178,0.0394,2410696,0.0396,2410897,0.6685,2411098,0.6856,2411299,0.6865,2411500,0.172,2411701,0.0394,2411902,0.0395,2412103,0.0393,2412305,0.0395,2412506,0.0394,2412707,0.0395,2412908,0.0393,2415425,0.0401,2415224,0.6625,2415023,0.6884,2414822,0.6825,2414621,1.002,2414420,0.984,2414219,0.9909,2414018,0.0399,2413817,0.0394,2413616,0.0408,2413415,0.0394,2413214,0.0395,2415730,0.0402,2415931,0.9717,2416132,0.9978,2416333,0.0345,2416534,1.6364,2416735,0.9056,2416936,0.0398,2417137,0.0393,2417338,0.0394,2417539,0.0396,2417740,0.0395,2417941,0.0394,2420458,0.0396,2420257,0.0392,2420056,0.0441,2419855,0.0387,2419654,0.0393,2419453,0.0382,2419252,0.0384,2419051,0.0391,2418850,0.0396,2418649,0.0394,2418448,0.0391,2418247
42,37,0.0394,2460641,0.0395,2460842,0.0396,2461043,0.0399,2461244,0.0397,2461446,0.0393,2461647,0.0396,2461847,0.0395,2462047,0.0395,2462247,0.0396,2462447,0.0395,2462647,0.0394,2462847,0.0393,2465361,0.0452,2465160,0.6884,2464959,0.6865,2464758,0.7034,2464557,0.7355,2464356,0.7571,2464155,0.7683,2463954,0.7949,2463753,0.805,2463552,0.0394,2463351,0.0395,2463150,0.0392,2465666,0.0404,2465867,0.8662,2466068,0.9248,2466269,0.9586,2466470,0.0396,2466671,0.0395,2466872,0.0393,2467073,0.0409,2467274,0.8526,2467475,0.0393,2467676,0.0395,2467877,0.0395,2470392,0.0401,2470191,0.6886,2469990,0.634,2469789,0.6743,2469588,0.6752,2469387,0.678,2469186,0.6674,2468985,0.6713,2468784,0.6677,2468583,0.0394,2468382,0.0395,2468181,0.0393,2470697,0.0395,2470898,0.6649,2471099,0.6799,2471301,0.6819,2471502,0.1718,2471703,0.0393,2471904,0.0394,2472105,0.0392,2472306,0.0395,2472507,0.0394,2472708,0.0395,2472909,0.0393,2475428,0.0401,2475225,0.659,2475024,0.6811,2474823,0.6777,2474622,1.0016,2474421,0.9848,2474220,0.9924,2474019,0.0399,2473818,0.0394,2473617,0.0408,2473416,0.0394,2473215,0.0394,2475732,0.0402,2475933,0.9723,2476134,0.9975,2476335,0.0345,2476536,1.6376,2476737,0.9056,2476938,0.0397,2477139,0.0393,2477341,0.0394,2477542,0.0395,2477743,0.0396,2477944,0.0394,2480459,0.0395,2480258,0.0392,2480057,0.0441,2479856,0.0387,2479655,0.0393,2479454,0.0382,2479253,0.0384,2479052,0.039,2478851,0.0396,2478650,0.0395,2478449,0.0391,2478248
43,37,0.0394,2520661,0.0395,2520862,0.0396,2521063,0.04,2521264,0.0397,2521465,0.0393,2521666,0.0396,2521867,0.0395,2522068,0.0395,2522269,0.0396,2522470,0.0395,2522671,0.0394,2522872,0.0393,2525389,0.0453,2525188,0.6854,2524987,0.6814,2524786,0.7,2524585,0.7306,2524384,0.7517,2524183,0.7655,2523982,0.7914,2523781,0.801,2523580,0.0394,2523379,0.0395,2523178,0.0392,2525693,0.0404,2525894,0.8651,2526095,0.924,2526296,0.9576,2526497,0.0396,2526698,0.0395,2526899,0.0394,2527100,0.0409,2527301,0.8526,2527502,0.0394,2527703,0.0395,2527904,0.0395,2530421,0.0401,2530220,0.6902,2530019,0.6316,2529817,0.6695,2529616,0.6714,2529415,0.6735,2529214,0.6638,2529013,0.6663,2528812,0.6635,2528611,0.0394,2528410,0.0395,2528209,0.0393,2530725,0.0395,2530926,0.6613,2531127,0.678,2531328,0.678,2531529,0.1718,2531730,0.0393,2531931,0.0395,2532132,0.0392,2532333,0.0395,2532534,0.0394,2532735,0.0395,2532936,0.0393,2535455,0.0401,2535254,0.6553,2535053,0.6775,2534852,0.6747,2534651,1.0011,2534450,0.9841,2534249,0.9914,2534048,0.0399,2533847,0.0394,2533646,0.0407,2533445,0.0394,2533244,0.0395,2535760,0.0403,2535961,0.9716,2536162,0.9978,2536363,0.0344,2536564,1.6367,2536765,0.9056,2536966,0.0398,2537167,0.0393,2537368,0.0395,2537569,0.0395,2537770,0.0395,2537971,0.0394,2540488,0.0396,2540287,0.0392,2540086,0.0441,2539885,0.0387,2539683,0.0393,2539483,0.0382,2539281,0.0384,2539080,0.0391,2538879,0.0396,2538678,0.0395,2538477,0.0391,2538276
44,37,0.0394,2580674,0.0395,2580874,0.0397,2581074,0.0399,2581275,0.0397,2581475,0.0392,2581676,0.0396,2581876,0.0395,2582076,0.0395,2582276,0.0396,2582476,0.0395,2582676,0.0393,2582876,0.0393,2585380,0.0452,2585180,0.6818,2584980,0.6769,2584780,0.6958,2584580,0.7265,2584380,0.7476,2584180,0.7617,2583980,0.7878,2583780,0.7974,2583580,0.0394,2583380,0.0395,2583180,0.0392,2585683,0.0404,2585884,0.8618,2586084,0.9226,2586284,0.9545,2586484,0.0396,2586684,0.0394,2586884,0.0393,2587084,0.0409,2587284,0.8524,2587484,0.0394,2587685,0.0395,2587886,0.0394,2590403,0.0401,2590203,0.6912,2590003,0.6277,2589802,0.6656,2589601,0.6677,2589400,0.6699,2589199,0.6586,2588998,0.6584,2588797,0.6596,2588595,0.0394,2588394,0.0395,2588193,0.0393,2590707,0.0395,2590908,0.6572,2591109,0.6783,2591310,0.6739,2591511,0.1709,2591712,0.0394,2591913,0.0395,2592113,0.0392,2592313,0.0395,2592513,0.0394,2592713,0.0395,2592913,0.0393,2595428,0.0401,2595227,0.65,2595026,0.6755,2594825,0.6714,2594624,1.0012,2594423,0.9843,2594222,0.9922,2594021,0.0399,2593820,0.0394,2593619,0.0408,2593418,0.0395,2593217,0.0395,2595732,0.0402,2595933,0.9726,2596133,1.0021,2596333,0.0344,2596533,1.6371,2596733,0.9056,2596933,0.0397,2597133,0.0393,2597333,0.0394,2597534,0.0395,2597735,0.0395,2597936,0.0394,2600452,0.0395,2600251,0.0391,2600050,0.0441,2599849,0.0387,2599648,0.0393,2599447,0.0382,2599246,0.0384,2599045,0.0391,2598844,0.0396,2598643,0.0395,2598441,0.0391,2598240
45,37,0.0394,2640684,0.0395,2640885,0.0397,2641086,0.0399,2641287,0.0397,2641488,0.0392,2641689,0.0396,2641890,0.0395,2642091,0.0395,2642292,0.0396,2642493,0.0395,2642694,0.0393,2642895,0.0393,2645410,0.0453,2645209,0.6786,2645008,0.6745,2644807,0.6923,2644606,0.7239,2644405,0.7459,2644204,0.7569,2644003,0.7847,2643802,0.795,2643601,0.0394,2643400,0.0395,2643199,0.0392,2645715,0.0404,2645916,0.8596,2646117,0.9211,2646318,0.9547,2646519,0.0396,2646720,0.0395,2646921,0.0393,2647122,0.0409,2647327,0.8502,2647529,0.0394,2647730,0.0395,2647931,0.0394,2650446,0.0401,2650245,0.6932,2650044,0.6242,2649843,0.6611,2649642,0.6612,2649441,0.6674,2649240,0.6591,2649039,0.6562,2648838,0.6572,2648637,0.0394,2648436,0.0395,2648235,0.0393,2650751,0.0395,2650952,0.6688,2651153,0.6733,2651354,0.6695,2651555,0.1696,2651756,0.0393,2651957,0.0395,2652158,0.0392,2652359,0.0395,2652560,0.0394,2652761,0.0395,2652962,0.0393,2655482,0.0401,2655281,0.6532,2655080,0.6694,2654879,0.6668,2654678,1.0021,2654477,0.9834,2654276,0.9906,2654075,0.0399,2653874,0.0394,2653673,0.0407,2653472,0.0395,2653271,0.0395,2655790,0.0402,2655991,0.9725,2656192,0.9977,2656393,0.0345,2656594,1.6381,2656795,0.9053,2656996,0.0398,2657197,0.0393,2657399,0.0395,2657600,0.0395,2657801,0.0395,2658002,0.0394,2660518,0.0396,2660317,0.0391,2660116,0.0441,2659915,0.0387,2659714,0.0393,2659513,0.0382,2659312,0.0384,2659111,0.039,2658910,0.0396,2658709,0.0394,2658508,0.0391,2658307
46,37,0.0394,2700705,0.0395,2700905,0.0396,2701106,0.0399,2701306,0.0396,2701506,0.0393,2701706,0.0396,2701906,0.0395,2702106,0.0394,2702306,0.0396,2702506,0.0394,2702706,0.0393,2702906,0.0393,2705410,0.0452,2705210,0.6752,2705010,0.6733,2704810,0.6898,2704610,0.7205,2704410,0.7405,2704210,0.7569,2704010,0.7816,2703810,0.7924,2703610,0.0393,2703410,0.0395,2703209,0.0391,2705713,0.0404,2705913,0.8569,2706113,0.9214,2706314,0.9521,2706514,0.0396,2706714,0.0395,2706914,0.0393,2707114,0.0408,2707314,0.8575,2707514,0.0394,2707714,0.0395,2707914,0.0395,2710418,0.0401,2710218,0.6883,2710018,0.6212,2709818,0.6615,2709618,0.6551,2709418,0.6608,2709218,0.6587,2709018,0.6582,2708818,0.6531,2708618,0.0393,2708418,0.0395,2708218,0.0393,2710722,0.0395,2710922,0.6633,2711122,0.6708,2711322,0.6674,2711522,0.171,2711722,0.0393,2711922,0.0394,2712122,0.0392,2712322,0.0395,2712522,0.0393,2712722,0.0394,2712922,0.0393,2715424,0.0401,2715224,0.651,2715024,0.666,2714824,0.6665,2714624,1.0011,2714424,0.9879,2714224,0.992,2714024,0.0399,2713824,0.0394,2713624,0.0407,2713424,0.0394,2713224,0.0394,2715728,0.0402,2715928,0.9725,2716129,0.9987,2716329,0.0344,2716529,1.6371,2716729,0.9059,2716929,0.0397,2717129,0.0392,2717329,0.0394,2717529,0.0395,2717729,0.0395,2717929,0.0393,2720436,0.0395,2720236,0.0391,2720036,0.044,2719836,0.0386,2719636,0.0393,2719436,0.0382,2719236,0.0384,2719036,0.0391,2718836,0.0396,2718636,0.0394,2718436,0.0391,2718236
47,36.9,0.0394,2760712,0.0395,2760911,0.0396,2761111,0.0399,2761311,0.0397,2761511,0.0392,2761711,0.0396,2761911,0.0395,2762110,0.0395,2762310,0.0396,2762509,0.0395,2762709,0.0393,2762909,0.0393,2765413,0.0453,2765214,0.672,2765013,0.6688,2764813,0.6846,2764613,0.714,2764413,0.7408,2764213,0.7574,2764013,0.7778,2763813,0.7891,2763613,0.0393,2763413,0.0395,2763213,0.0392,2765718,0.0404,2765917,0.854,2766117,0.9199,2766317,0.9499,2766516,0.0396,2766716,0.0395,2766916,0.0393,2767115,0.0409,2767314,0.8603,2767514,0.0394,2767714,0.0395,2767914,0.0394,2770411,0.0401,2770212,0.6828,2770012,0.6186,2769812,0.6549,2769613,0.6508,2769413,0.6567,2769213,0.6535,2769014,0.6528,2768815,0.6498,2768616,0.0394,2768416,0.0394,2768216,0.0393,2770718,0.0395,2770917,0.6616,2771117,0.666,2771317,0.6637,2771517,0.1707,2771717,0.0393,2771917,0.0394,2772116,0.0392,2772315,0.0395,2772514,0.0394,2772713,0.0394,2772913,0.0393,2775411,0.04,2775212,0.6498,2775012,0.6617,2774812,0.6609,2774613,1.0009,2774413,0.9853,2774214,0.9908,2774015,0.0399,2773816,0.0394,2773617,0.0407,2773417,0.0394,2773217,0.0394,2775716,0.0402,2775915,0.9734,2776115,0.9992,2776315,0.0345,2776514,1.638,2776714,0.9065,2776913,0.0398,2777112,0.0392,2777311,0.0394,2777511,0.0395,2777711,0.0395,2777911,0.0394,2780406,0.0395,2780207,0.0392,2780007,0.0441,2779808,0.0387,2779609,0.0393,2779409,0.0382,2779210,0.0385,2779011,0.0391,2778812,0.0396,2778613,0.0394,2778413,0.0391,2778214
48,37,0.0394,2820740,0.0395,2820939,0.0397,2821139,0.0399,2821338,0.0396,2821537,0.0392,2821736,0.0396,2821935,0.0395,2822134,0.0395,2822333,0.0396,2822532,0.0395,2822731,0.0394,2822930,0.0393,2825424,0.0453,2825225,0.668,2825026,0.6657,2824827,0.6864,2824628,0.7206,2824429,0.7367,2824230,0.7551,2824031,0.7738,2823832,0.7848,2823633,0.0394,2823433,0.0395,2823234,0.0392,2825727,0.0404,2825926,0.849,2826125,0.9202,2826324,0.9492,2826523,0.0396,2826722,0.0395,2826922,0.0394,2827122,0.0409,2827322,0.8488,2827522,0.0394,2827721,0.0395,2827920,0.0395,2830411,0.0401,2830212,0.6801,2830013,0.6365,2829814,0.6577,2829615,0.6485,2829416,0.654,2829217,0.6508,2829018,0.6438,2828819,0.6499,2828620,0.0393,2828421,0.0395,2828222,0.0393,2830714,0.0395,2830913,0.6594,2831112,0.6615,2831311,0.6594,2831510,0.1705,2831709,0.0393,2831908,0.0394,2832107,0.0392,2832307,0.0395,2832507,0.0394,2832707,0.0395,2832907,0.0393,2835410,0.0401,2835210,0.6441,2835010,0.6582,2834810,0.6535,2834610,0.9996,2834410,0.9901,2834210,0.9907,2834010,0.0399,2833811,0.0394,2833611,0.0407,2833412,0.0394,2833213,0.0394,2835716,0.0402,2835915,0.9719,2836114,0.9998,2836313,0.0344,2836512,1.6366,2836711,0.906,2836911,0.0397,2837110,0.0393,2837309,0.0395,2837508,0.0395,2837708,0.0395,2837908,0.0394,2840412,0.0396,2840212,0.0391,2840012,0.0441,2839812,0.0387,2839612,0.0393,2839412,0.0382,2839212,0.0384,2839012,0.0391,2838812,0.0396,2838613,0.0395,2838413,0.0391,2838213
49,37.1,0.0394,2880765,0.0396,2880965,0.0397,2881165,0.0399,2881365,0.0396,2881565,0.0393,2881765,0.0397,2881965,0.0395,2882165,0.0395,2882365,0.0396,2882565,0.0395,2882766,0.0394,2882966,0.0393,2885470,0.0453,2885270,0.6679,2885070,0.6642,2884870,0.6844,2884670,0.7056,2884470,0.7352,2884270,0.7511,2884070,0.7706,2883870,0.7828,2883670,0.0394,2883470,0.0395,2883270,0.0392,2885774,0.0404,2885974,0.8483,2886174,0.9273,2886374,0.95,2886574,0.0397,2886774,0.0396,2886974,0.0393,2887174,0.0409,2887374,0.8552,2887574,0.0394,2887774,0.0395,2887974,0.0395,2890478,0.0401,2890278,0.6772,2890078,0.6128,2889878,0.6547,2889678,0.6473,2889478,0.6503,2889278,0.6499,2889078,0.6403,2888878,0.6467,2888678,0.0394,2888478,0.0395,2888278,0.0394,2890781,0.0396,2890981,0.654,2891181,0.6604,2891381,0.6571,2891581,0.1709,2891781,0.0394,2891981,0.0395,2892181,0.0392,2892382,0.0396,2892582,0.0394,2892782,0.0395,2892982,0.0394,2895487,0.0401,2895287,0.6413,2895087,0.6546,2894887,0.6535,2894687,1.0011,2894487,0.9953,2894287,0.9889,2894087,0.0399,2893887,0.0395,2893687,0.0407,2893487,0.0395,2893287,0.0395,2895795,0.0403,2895995,0.9733,2896195,0.998,2896395,0.0345,2896595,1.6425,2896795,0.9061,2896995,0.0398,2897195,0.0392,2897395,0.0394,2897594,0.0396,2897794,0.0395,2897994,0.0394,2900499,0.0396,2900299,0.0392,2900099,0.0441,2899899,0.0387,2899698,0.0393,2899498,0.0382,2899298,0.0385,2899097,0.0391,2898897,0.0396,2898697,0.0395,2898497,0.0391,2898297
50,37,0.0394,2940779,0.0395,2940980,0.0396,2941181,0.0399,2941383,0.0397,2941584,0.0392,2941785,0.0396,2941986,0.0395,2942187,0.0395,2942388,0.0396,2942589,0.0394,2942790,0.0394,2942991,0.0393,2945513,0.0453,2945312,0.6651,2945111,0.6612,2944910,0.6824,2944709,0.7028,2944508,0.7319,2944307,0.7485,2944106,0.7662,2943904,0.7815,2943703,0.0393,2943502,0.0395,2943301,0.0392,2945819,0.0404,2946020,0.8486,2946221,0.9292,2946422,0.9502,2946623,0.0396,2946824,0.0395,2947025,0.0393,2947226,0.0409,2947427,0.8486,2947628,0.0394,2947829,0.0395,2948030,0.0395,2950545,0.0401,2950344,0.6747,2950143,0.6321,2949942,0.6523,2949741,0.6445,2949540,0.6463,2949339,0.6417,2949138,0.6366,2948937,0.6439,2948736,0.0393,2948535,0.0394,2948334,0.0393,2950850,0.0396,2951050,0.6503,2951252,0.6581,2951453,0.6513,2951654,0.1692,2951855,0.0393,2952056,0.0394,2952257,0.0392,2952458,0.0395,2952659,0.0394,2952860,0.0395,2953061,0.0393,2955580,0.0401,2955379,0.64,2955178,0.6519,2954977,0.6528,2954776,1.0011,2954575,0.995,2954374,0.9879,2954173,0.0399,2953972,0.0394,2953771,0.0407,2953570,0.0394,2953369,0.0394,2955889,0.0402,2956090,0.9723,2956291,0.9981,2956492,0.0345,2956693,1.638,2956894,0.9065,2957095,0.0398,2957296,0.0393,2957497,0.0394,2957698,0.0395,2957899,0.0395,2958100,0.0394,2960617,0.0395,2960416,0.0391,2960215,0.0441,2960014,0.0387,2959813,0.0393,2959612,0.0382,2959411,0.0384,2959210,0.039,2959009,0.0396,2958808,0.0395,2958607,0.0391,2958406
51,37,0.0394,3000796,0.0395,3000997,0.0396,3001198,0.0399,3001399,0.0396,3001600,0.0393,3001801,0.0397,3002002,0.0395,3002203,0.0395,3002404,0.0396,3002605,0.0394,3002806,0.0393,3003007,0.0393,3005522,0.0452,3005321,0.6629,3005120,0.6585,3004919,0.6785,3004718,0.7075,3004517,0.7291,3004316,0.7461,3004115,0.7648,3003914,0.7798,3003713,0.0393,3003512,0.0395,3003311,0.0392,3005829,0.0404,3006030,0.8462,3006232,0.9282,3006433,0.9484,3006634,0.0396,3006835,0.0395,3007036,0.0393,3007237,0.0409,3007438,0.8507,3007639,0.0393,3007840,0.0395,3008041,0.0395,3010558,0.0401,3010357,0.6709,3010156,0.6142,3009955,0.6506,3009754,0.6422,3009552,0.6462,3009351,0.6412,3009150,0.6373,3008949,0.6407,3008748,0.0394,3008547,0.0394,3008346,0.0394,3010863,0.0396,3011064,0.6485,3011265,0.6548,3011466,0.6498,3011667,0.1717,3011868,0.0393,3012069,0.0395,3012270,0.0392,3012471,0.0395,3012672,0.0394,3012873,0.0395,3013074,0.0393,3015589,0.0401,3015388,0.6365,3015187,0.6483,3014986,0.6495,3014785,1.0004,3014584,0.996,3014383,0.9925,3014182,0.0399,3013981,0.0394,3013780,0.0407,3013579,0.0394,3013378,0.0395,3015901,0.0402,3016102,0.9728,3016303,1,3016504,0.0345,3016705,1.6399,3016906,0.9058,3017107,0.0397,3017308,0.0392,3017509,0.0394,3017710,0.0395,3017911,0.0395,3018112,0.0394,3020629,0.0395,3020428,0.0392,3020227,0.044,3020026,0.0386,3019825,0.0393,3019623,0.0382,3019422,0.0385,3019221,0.0391,3019020,0.0396,3018819,0.0395,3018618,0.0391,3018417
52,37,0.0394,3060815,0.0395,3061016,0.0396,3061217,0.0399,3061418,0.0396,3061619,0.0392,3061820,0.0396,3062021,0.0395,3062221,0.0395,3062421,0.0396,3062621,0.0394,3062821,0.0394,3063021,0.0394,3065535,0.0453,3065334,0.6605,3065133,0.6555,3064932,0.676,3064731,0.6986,3064530,0.7262,3064329,0.7431,3064128,0.7627,3063927,0.7802,3063726,0.0394,3063525,0.0395,3063324,0.0392,3065839,0.0404,3066040,0.8423,3066241,0.9263,3066442,0.9487,3066643,0.0397,3066844,0.0395,3067045,0.0393,3067246,0.0409,3067447,0.8504,3067648,0.0393,3067849,0.0395,3068050,0.0395,3070566,0.0401,3070365,0.6695,3070164,0.6059,3069963,0.647,3069762,0.6389,3069561,0.6402,3069360,0.6398,3069159,0.6303,3068958,0.638,3068757,0.0394,3068555,0.0395,3068354,0.0393,3070870,0.0395,3071071,0.6459,3071272,0.6504,3071473,0.6464,3071674,0.1704,3071875,0.0393,3072076,0.0395,3072277,0.0393,3072478,0.0395,3072679,0.0393,3072880,0.0395,3073081,0.0393,3075598,0.0401,3075397,0.6342,3075196,0.6458,3074995,0.6443,3074794,1.0005,3074593,0.9953,3074392,0.9934,3074191,0.0399,3073990,0.0394,3073789,0.0408,3073588,0.0395,3073387,0.0395,3075904,0.0403,3076105,0.973,3076306,0.9994,3076507,0.0345,3076708,1.6379,3076909,0.9063,3077110,0.0398,3077311,0.0392,3077512,0.0395,3077713,0.0395,3077914,0.0395,3078115,0.0394,3080636,0.0396,3080435,0.0392,3080234,0.0441,3080033,0.0387,3079832,0.0393,3079631,0.0382,3079430,0.0384,3079229,0.0391,3079028,0.0396,3078827,0.0395,3078626,0.0391,3078425
53,37,0.0394,3120835,0.0395,3121036,0.0396,3121237,0.04,3121438,0.0397,3121639,0.0392,3121840,0.0396,3122041,0.0395,3122242,0.0395,3122443,0.0396,3122644,0.0395,3122845,0.0393,3123046,0.0394,3125565,0.0452,3125364,0.6574,3125163,0.6535,3124962,0.6731,3124761,0.7017,3124560,0.7227,3124359,0.7409,3124158,0.7604,3123957,0.7767,3123756,0.0394,3123555,0.0395,3123354,0.0392,3125868,0.0404,3126069,0.8416,3126270,0.9269,3126471,0.9478,3126672,0.0396,3126873,0.0395,3127074,0.0394,3127275,0.0409,3127477,0.8492,3127678,0.0394,3127879,0.0394,3128080,0.0395,3130589,0.0401,3130389,0.6613,3130189,0.6241,3129989,0.6451,3129789,0.6366,3129588,0.6426,3129387,0.6395,3129187,0.6299,3128987,0.6355,3128787,0.0394,3128587,0.0395,3128386,0.0393,3130892,0.0395,3131093,0.6438,3131294,0.6493,3131495,0.6427,3131696,0.1712,3131897,0.0393,3132098,0.0394,3132299,0.0392,3132499,0.0395,3132699,0.0394,3132899,0.0395,3133099,0.0393,3135612,0.0401,3135411,0.6321,3135211,0.6424,3135011,0.6417,3134810,1.0019,3134609,0.9961,3134408,0.9939,3134207,0.04,3134006,0.0394,3133805,0.0407,3133604,0.0395,3133403,0.0394,3135917,0.0402,3136119,0.9729,3136319,0.9986,3136520,0.0345,3136721,1.6401,3136922,0.907,3137123,0.0398,3137325,0.0393,3137526,0.0394,3137727,0.0396,3137928,0.0395,3138129,0.0394,3140644,0.0396,3140443,0.0392,3140242,0.0441,3140041,0.0387,3139840,0.0394,3139639,0.0382,3139438,0.0384,3139237,0.0391,3139036,0.0396,3138835,0.0395,3138634,0.0391,3138433
54,37,0.0394,3180850,0.0395,3181051,0.0397,3181252,0.0399,3181453,0.0397,3181654,0.0393,3181855,0.0396,3182056,0.0395,3182257,0.0395,3182458,0.0396,3182659,0.0395,3182860,0.0393,3183061,0.0394,3185580,0.0453,3185379,0.6551,3185178,0.6501,3184977,0.6697,3184776,0.6972,3184575,0.7187,3184374,0.7368,3184173,0.7592,3183972,0.7746,3183771,0.0394,3183570,0.0395,3183369,0.0392,3185886,0.0404,3186087,0.8373,3186289,0.9242,3186490,0.9464,3186691,0.0396,3186892,0.0395,3187093,0.0393,3187294,0.0409,3187495,0.8526,3187696,0.0394,3187897,0.0395,3188098,0.0395,3190617,0.0401,3190416,0.6625,3190215,0.6019,3190014,0.6432,3189813,0.6334,3189612,0.6364,3189411,0.6381,3189210,0.6269,3189009,0.6329,3188808,0.0394,3188607,0.0395,3188406,0.0394,3190923,0.0395,3191125,0.6426,3191325,0.6463,3191526,0.6406,3191727,0.1703,3191928,0.0393,3192129,0.0395,3192330,0.0392,3192531,0.0395,3192732,0.0394,3192933,0.0395,3193134,0.0393,3195649,0.0401,3195448,0.6293,3195247,0.6401,3195046,0.6359,3194845,1.0008,3194644,0.9913,3194443,0.9933,3194242,0.04,3194041,0.0394,3193840,0.0407,3193639,0.0394,3193438,0.0395,3195955,0.0402,3196156,0.9731,3196357,0.9993,3196558,0.0345,3196759,1.6386,3196960,0.9068,3197161,0.0397,3197362,0.0393,3197563,0.0394,3197764,0.0396,3197965,0.0396,3198166,0.0394,3200685,0.0396,3200484,0.0391,3200283,0.0441,3200082,0.0387,3199881,0.0393,3199680,0.0382,3199479,0.0385,3199278,0.0391,3199077,0.0396,3198876,0.0394,3198675,0.0391,3198474
55,37,0.0394,3240865,0.0395,3241065,0.0397,3241266,0.0399,3241467,0.0397,3241668,0.0393,3241869,0.0396,3242070,0.0395,3242270,0.0395,3242471,0.0397,3242671,0.0395,3242871,0.0393,3243071,0.0394,3245578,0.0453,3245378,0.6527,3245178,0.6468,3244977,0.6676,3244777,0.6947,3244577,0.7162,3244377,0.7355,3244177,0.7569,3243977,0.7719,3243777,0.0394,3243577,0.0395,3243376,0.0392,3245882,0.0404,3246082,0.8354,3246283,0.9246,3246484,0.9459,3246684,0.0396,3246885,0.0395,3247086,0.0393,3247286,0.0409,3247487,0.8409,3247687,0.0394,3247887,0.0395,3248087,0.0395,3250595,0.0402,3250395,0.66,3250194,0.6011,3249993,0.6405,3249793,0.6323,3249592,0.6371,3249391,0.6373,3249191,0.6236,3248991,0.6309,3248791,0.0394,3248591,0.0395,3248390,0.0394,3250900,0.0396,3251100,0.6415,3251301,0.6404,3251501,0.6375,3251701,0.1699,3251901,0.0394,3252101,0.0395,3252301,0.0392,3252501,0.0396,3252701,0.0394,3252901,0.0395,3253102,0.0393,3255607,0.0401,3255407,0.6253,3255207,0.6361,3255007,0.6311,3254807,0.9991,3254607,0.9913,3254406,0.9925,3254206,0.0399,3254006,0.0394,3253806,0.0407,3253606,0.0395,3253405,0.0395,3255914,0.0402,3256114,0.9737,3256315,1.0006,3256515,0.0345,3256715,1.6378,3256915,0.9063,3257115,0.0397,3257315,0.0393,3257515,0.0394,3257715,0.0395,3257915,0.0395,3258115,0.0394,3260620,0.0396,3260420,0.0392,3260220,0.044,3260020,0.0387,3259820,0.0393,3259620,0.0382,3259419,0.0385,3259219,0.0391,3259019,0.0396,3258819,0.0394,3258619,0.0391,3258419
56,37,0.0394,3300887,0.0395,3301087,0.0396,3301287,0.0399,3301487,0.0397,3301688,0.0392,3301888,0.0396,3302088,0.0395,3302288,0.0395,3302488,0.0396,3302688,0.0394,3302888,0.0393,3303088,0.0393,3305597,0.0452,3305397,0.6498,3305194,0.6442,3304994,0.6644,3304794,0.6918,3304594,0.7132,3304394,0.7315,3304194,0.7552,3303994,0.7692,3303794,0.0394,3303593,0.0395,3303393,0.0392,3305905,0.0404,3306105,0.8312,3306305,0.9218,3306505,0.9436,3306705,0.0396,3306905,0.0395,3307105,0.0394,3307305,0.0409,3307505,0.8403,3307705,0.0393,3307905,0.0395,3308105,0.0395,3310609,0.0401,3310409,0.6521,3310209,0.5981,3310009,0.6373,3309809,0.6298,3309609,0.6327,3309409,0.6353,3309209,0.6216,3309009,0.6276,3308809,0.0393,3308609,0.0394,3308408,0.0393,3310924,0.0395,3311125,0.6396,3311325,0.6386,3311527,0.6355,3311727,0.1698,3311928,0.0393,3312129,0.0394,3312329,0.0392,3312530,0.0395,3312731,0.0394,3312932,0.0394,3313133,0.0393,3315652,0.04,3315451,0.6244,3315250,0.6341,3315049,0.6282,3314848,1.0001,3314647,0.992,3314446,0.9942,3314245,0.04,3314044,0.0394,3313843,0.0408,3313642,0.0394,3313441,0.0395,3315957,0.0402,3316158,0.9721,3316359,0.9985,3316560,0.0344,3316761,1.6375,3316962,0.9053,3317163,0.0397,3317364,0.0393,3317565,0.0394,3317766,0.0395,3317967,0.0395,3318167,0.0394,3320683,0.0396,3320482,0.0391,3320281,0.0441,3320080,0.0387,3319879,0.0393,3319678,0.0381,3319477,0.0384,3319277,0.039,3319077,0.0396,3318877,0.0394,3318676,0.0391,3318475
57,37,0.0395,3360906,0.0395,3361107,0.0397,3361308,0.0399,3361509,0.0396,3361710,0.0392,3361911,0.0396,3362112,0.0395,3362313,0.0395,3362514,0.0396,3362716,0.0395,3362917,0.0393,3363118,0.0393,3365636,0.0452,3365435,0.6485,3365234,0.6429,3365033,0.6628,3364832,0.69,3364631,0.7094,3364430,0.7295,3364229,0.7525,3364028,0.7665,3363827,0.0393,3363626,0.0395,3363425,0.0392,3365941,0.0404,3366142,0.8309,3366343,0.9225,3366544,0.9438,3366745,0.0396,3366946,0.0395,3367147,0.0393,3367348,0.0409,3367549,0.8459,3367750,0.0394,3367951,0.0395,3368152,0.0395,3370667,0.0401,3370466,0.6518,3370265,0.597,3370064,0.6356,3369863,0.6287,3369662,0.6294,3369461,0.627,3369260,0.6177,3369059,0.6265,3368858,0.0394,3368657,0.0395,3368456,0.0394,3370972,0.0395,3371173,0.635,3371374,0.6388,3371576,0.6327,3371777,0.1707,3371978,0.0393,3372179,0.0394,3372381,0.0392,3372582,0.0395,3372783,0.0394,3372984,0.0395,3373185,0.0393,3375700,0.0402,3375499,0.6231,3375298,0.6327,3375097,0.6279,3374896,1.0015,3374695,0.9913,3374495,0.9918,3374295,0.0399,3374094,0.0395,3373893,0.0408,3373692,0.0394,3373491,0.0394,3376014,0.0403,3376215,0.973,3376416,0.9989,3376617,0.0345,3376818,1.6404,3377019,0.9068,3377220,0.0398,3377421,0.0393,3377622,0.0394,3377823,0.0395,3378023,0.0395,3378223,0.0394,3380745,0.0395,3380544,0.0392,3380343,0.044,3380142,0.0387,3379941,0.0393,3379740,0.0382,3379539,0.0385,3379338,0.039,3379137,0.0396,3378936,0.0395,3378735,0.0391,3378534
58,37,0.0394,3420917,0.0395,3421118,0.0396,3421320,0.0399,3421521,0.0396,3421722,0.0392,3421923,0.0396,3422124,0.0395,3422325,0.0395,3422526,0.0396,3422727,0.0394,3422928,0.0393,3423129,0.0393,3425659,0.0453,3425458,0.6457,3425257,0.6403,3425056,0.6606,3424855,0.6875,3424654,0.7063,3424453,0.7272,3424252,0.7503,3424051,0.7637,3423850,0.0393,3423649,0.0395,3423448,0.0392,3425966,0.0404,3426167,0.8297,3426368,0.9219,3426569,0.9425,3426770,0.0396,3426971,0.0395,3427172,0.0393,3427373,0.0409,3427574,0.8473,3427775,0.0394,3427976,0.0395,3428177,0.0394,3430697,0.0401,3430496,0.6498,3430295,0.5947,3430094,0.633,3429893,0.6247,3429692,0.6274,3429491,0.6259,3429290,0.6221,3429089,0.6244,3428888,0.0394,3428687,0.0394,3428486,0.0393,3431003,0.0395,3431204,0.6317,3431405,0.6364,3431606,0.6307,3431807,0.1718,3432008,0.0393,3432209,0.0394,3432410,0.0392,3432611,0.0395,3432812,0.0394,3433013,0.0394,3433214,0.0393,3435730,0.0401,3435529,0.6179,3435328,0.63,3435127,0.631,3434926,0.9985,3434725,0.9921,3434524,0.9936,3434323,0.0399,3434122,0.0394,3433921,0.0407,3433720,0.0394,3433519,0.0395,3436036,0.0402,3436237,0.9727,3436438,0.9989,3436639,0.0345,3436840,1.6391,3437041,0.9062,3437242,0.0398,3437443,0.0393,3437644,0.0394,3437845,0.0395,3438046,0.0395,3438247,0.0394,3440767,0.0395,3440566,0.0391,3440365,0.044,3440164,0.0387,3439963,0.0393,3439762,0.0382,3439561,0.0385,3439360,0.0391,3439159,0.0396,3438958,0.0394,3438757,0.0391,3438556
59,37,0.0394,3480928,0.0395,3481129,0.0396,3481330,0.04,3481531,0.0397,3481732,0.0392,3481933,0.0396,3482134,0.0395,3482335,0.0395,3482536,0.0396,3482737,0.0395,3482938,0.0393,3483139,0.0393,3485657,0.0452,3485456,0.6445,3485253,0.6385,3485052,0.6584,3484851,0.6872,3484650,0.7034,3484449,0.725,3484248,0.7476,3484047,0.7603,3483846,0.0393,3483645,0.0395,3483444,0.0392,3485962,0.0404,3486163,0.8283,3486364,0.9213,3486565,0.942,3486766,0.0396,3486967,0.0395,3487168,0.0394,3487369,0.0409,3487570,0.8456,3487771,0.0394,3487972,0.0394,3488173,0.0394,3490689,0.0401,3490488,0.6457,3490287,0.593,3490086,0.6317,3489885,0.624,3489683,0.625,3489482,0.6244,3489281,0.6135,3489080,0.6228,3488879,0.0394,3488678,0.0395,3488477,0.0393,3490993,0.0395,3491194,0.6297,3491395,0.6334,3491596,0.6296,3491797,0.1699,3491998,0.0393,3492199,0.0394,3492400,0.0392,3492601,0.0395,3492802,0.0394,3493003,0.0394,3493204,0.0394,3495719,0.0401,3495518,0.619,3495317,0.6286,3495116,0.6334,3494915,1,3494714,0.9954,3494513,0.9934,3494312,0.0399,3494111,0.0394,3493910,0.0407,3493709,0.0394,3493508,0.0395,3496025,0.0402,3496226,0.9729,3496427,0.9991,3496628,0.0345,3496829,1.6392,3497030,0.9064,3497231,0.0397,3497432,0.0392,3497633,0.0394,3497834,0.0395,3498035,0.0395,3498236,0.0394,3500752,0.0395,3500551,0.0392,3500350,0.0441,3500149,0.0387,3499948,0.0393,3499747,0.0382,3499546,0.0384,3499344,0.0391,3499143,0.0396,3498942,0.0395,3498741,0.0391,3498540
60,37,0.0394,3540942,0.0395,3541143,0.0396,3541344,0.0399,3541545,0.0396,3541746,0.0392,3541946,0.0396,3542146,0.0395,3542347,0.0395,3542548,0.0396,3542749,0.0395,3542950,0.0393,3543151,0.0393,3545669,0.0452,3545468,0.6426,3545267,0.637,3545066,0.6562,3544865,0.6838,3544664,0.701,3544463,0.7213,3544262,0.7449,3544061,0.7582,3543860,0.0393,3543659,0.0395,3543458,0.0392,3545973,0.0404,3546174,0.8285,3546375,0.9198,3546576,0.9416,3546777,0.0396,3546978,0.0395,3547179,0.0393,3547380,0.0409,3547581,0.8438,3547782,0.0394,3547983,0.0395,3548184,0.0394,3550699,0.0401,3550498,0.6452,3550297,0.5931,3550096,0.6282,3549895,0.6234,3549694,0.6261,3549493,0.6236,3549292,0.6202,3549091,0.6215,3548890,0.0394,3548689,0.0395,3548488,0.0394,3551003,0.0395,3551204,0.6269,3551405,0.6315,3551606,0.6279,3551807,0.1702,3552008,0.0393,3552209,0.0394,3552410,0.0392,3552611,0.0395,3552812,0.0394,3553013,0.0394,3553214,0.0393,3555731,0.0401,3555530,0.6169,3555329,0.6277,3555128,0.6392,3554927,1.0029,3554726,0.9985,3554525,0.9946,3554324,0.04,3554123,0.0394,3553922,0.0407,3553721,0.0394,3553520,0.0394,3556035,0.0402,3556236,0.9723,3556437,0.9991,3556638,0.0345,3556839,1.6396,3557040,0.9066,3557241,0.0397,3557442,0.0393,3557643,0.0394,3557844,0.0395,3558045,0.0395,3558246,0.0394,3560763,0.0395,3560562,0.0392,3560361,0.0441,3560160,0.0387,3559959,0.0393,3559758,0.0382,3559557,0.0384,3559356,0.0391,3559155,0.0396,3558954,0.0394,3558753,0.0391,3558552
,,,,,,,,,,,,,,,,,,,,,,,,,,,,,,,,,,,,,,,,,,,,,,,,,,,,,,,,,,,,,,,,,,,,,,,,,,,,,,,,,,,,,,,,,,,,,,,,,,,,,,,,,,,,,,,,,,,,,,,,,,,,,,,,,,,,,,,,,,,,,,,,,,,,,,,,,,,,,,,,,,,,,,,,,,,,,,,,,,,,,,,,,,,,,,,,,
,,,,,,,,,,,,,,,,,,,,,,,,,,,,,,,,,,,,,,,,,,,,,,,,,,,,,,,,,,,,,,,,,,,,,,,,,,,,,,,,,,,,,,,,,,,,,,,,,,,,,,,,,,,,,,,,,,,,,,,,,,,,,,,,,,,,,,,,,,,,,,,,,,,,,,,,,,,,,,,,,,,,,,,,,,,,,,,,,,,,,,,,,,,,,,,,,
,,,,,,,,,,,,,,,,,,,,,,,,,,,,,,,,,,,,,,,,,,,,,,,,,,,,,,,,,,,,,,,,,,,,,,,,,,,,,,,,,,,,,,,,,,,,,,,,,,,,,,,,,,,,,,,,,,,,,,,,,,,,,,,,,,,,,,,,,,,,,,,,,,,,,,,,,,,,,,,,,,,,,,,,,,,,,,,,,,,,,,,,,,,,,,,,,
,,,,,,,,,,,,,,,,,,,,,,,,,,,,,,,,,,,,,,,,,,,,,,,,,,,,,,,,,,,,,,,,,,,,,,,,,,,,,,,,,,,,,,,,,,,,,,,,,,,,,,,,,,,,,,,,,,,,,,,,,,,,,,,,,,,,,,,,,,,,,,,,,,,,,,,,,,,,,,,,,,,,,,,,,,,,,,,,,,,,,,,,,,,,,,,,,